-- phpMyAdmin SQL Dump
-- version 5.1.1
-- https://www.phpmyadmin.net/
--
-- Host: 127.0.0.1
-- Generation Time: Oct 26, 2021 at 04:35 AM
-- Server version: 10.4.21-MariaDB
-- PHP Version: 7.3.30

SET SQL_MODE = "NO_AUTO_VALUE_ON_ZERO";
START TRANSACTION;
SET time_zone = "+00:00";


/*!40101 SET @OLD_CHARACTER_SET_CLIENT=@@CHARACTER_SET_CLIENT */;
/*!40101 SET @OLD_CHARACTER_SET_RESULTS=@@CHARACTER_SET_RESULTS */;
/*!40101 SET @OLD_COLLATION_CONNECTION=@@COLLATION_CONNECTION */;
/*!40101 SET NAMES utf8mb4 */;

--
-- Database: `faloka`
--

-- --------------------------------------------------------

--
-- Table structure for table `addresses`
--

CREATE TABLE `addresses` (
  `id` bigint(20) UNSIGNED NOT NULL,
  `province_id` int(11) NOT NULL,
  `district_id` int(11) NOT NULL,
  `sub_district` varchar(255) COLLATE utf8mb4_unicode_ci NOT NULL,
  `postal_code` int(11) NOT NULL,
  `location` varchar(255) COLLATE utf8mb4_unicode_ci NOT NULL,
  `created_at` timestamp NULL DEFAULT NULL,
  `updated_at` timestamp NULL DEFAULT NULL
) ENGINE=InnoDB DEFAULT CHARSET=utf8mb4 COLLATE=utf8mb4_unicode_ci;

--
-- Dumping data for table `addresses`
--

INSERT INTO `addresses` (`id`, `province_id`, `district_id`, `sub_district`, `postal_code`, `location`, `created_at`, `updated_at`) VALUES
(1, 1, 17, 'Kauman', 66261, 'Jl Srabah No 1 Ds Krajan', NULL, NULL),
(6, 1, 17, 'Gianyar', 662621, 'Jl I Gede', '2021-10-09 21:15:38', '2021-10-09 21:17:52');

-- --------------------------------------------------------

--
-- Table structure for table `address_user`
--

CREATE TABLE `address_user` (
  `id` bigint(20) UNSIGNED NOT NULL,
  `address_id` bigint(20) UNSIGNED NOT NULL,
  `user_id` bigint(20) UNSIGNED NOT NULL,
  `created_at` timestamp NULL DEFAULT NULL,
  `updated_at` timestamp NULL DEFAULT NULL,
  `deleted_at` timestamp NULL DEFAULT NULL
) ENGINE=InnoDB DEFAULT CHARSET=utf8mb4 COLLATE=utf8mb4_unicode_ci;

--
-- Dumping data for table `address_user`
--

INSERT INTO `address_user` (`id`, `address_id`, `user_id`, `created_at`, `updated_at`, `deleted_at`) VALUES
(1, 1, 3, NULL, NULL, NULL),
(4, 6, 2, NULL, NULL, NULL);

-- --------------------------------------------------------

--
-- Table structure for table `brands`
--

CREATE TABLE `brands` (
  `id` bigint(20) UNSIGNED NOT NULL,
  `name` varchar(255) COLLATE utf8mb4_unicode_ci NOT NULL,
  `description` varchar(255) COLLATE utf8mb4_unicode_ci NOT NULL,
  `slug` varchar(255) COLLATE utf8mb4_unicode_ci NOT NULL,
  `image_url` varchar(255) COLLATE utf8mb4_unicode_ci DEFAULT NULL,
  `created_at` timestamp NULL DEFAULT NULL,
  `updated_at` timestamp NULL DEFAULT NULL
) ENGINE=InnoDB DEFAULT CHARSET=utf8mb4 COLLATE=utf8mb4_unicode_ci;

--
-- Dumping data for table `brands`
--

INSERT INTO `brands` (`id`, `name`, `description`, `slug`, `image_url`, `created_at`, `updated_at`) VALUES
(1, 'H&M', 'Hennes & Mauritz AB merupakan sebuah perusahaan multinasional yang memproduksi busana.', 'h&m', NULL, '2021-10-01 00:23:21', '2021-10-01 00:23:21'),
(2, 'Manzone', 'Manzone Store adalah one stop shopping destination untuk pakaian pria.', 'manzoneseventy', NULL, '2021-10-03 07:40:56', '2021-10-03 07:40:56');

-- --------------------------------------------------------

--
-- Table structure for table `carousels`
--

CREATE TABLE `carousels` (
  `id` bigint(20) UNSIGNED NOT NULL,
  `image_url` varchar(255) COLLATE utf8mb4_unicode_ci DEFAULT NULL,
  `category_id` int(11) NOT NULL,
  `created_at` timestamp NULL DEFAULT NULL,
  `updated_at` timestamp NULL DEFAULT NULL
) ENGINE=InnoDB DEFAULT CHARSET=utf8mb4 COLLATE=utf8mb4_unicode_ci;

--
-- Dumping data for table `carousels`
--

INSERT INTO `carousels` (`id`, `image_url`, `category_id`, `created_at`, `updated_at`) VALUES
(13, '/storage/carousels/aqwnK5b3zM6vndEXKG0tPe0Ux1berZ6k7DmQ4dN1.jpg', 2, '2021-10-01 01:07:38', '2021-10-01 01:07:38'),
(15, '/storage/carousels/XT6Siqe4ptGSU8AZxfKCpqwOhSR3fRU1QNpuujLP.jpg', 3, '2021-10-01 01:08:10', '2021-10-01 01:08:10'),
(16, '/storage/carousels/0lZRjd3T9fyYfqRRBoXk767Ix2ZwFF0c1LCjp4Fo.jpg', 4, '2021-10-01 01:08:30', '2021-10-01 01:08:30'),
(19, '/storage/carousels/4rhaJHlgSBUDZ5Vst6V7gLGnoabLmQmBjf70muGi.jpg', 1, '2021-10-07 19:33:22', '2021-10-07 19:33:22'),
(21, '/storage/carousels/Om4bezWCe5fut1IrybH1ktohJNSnjwz0D1pZe9UH.png', 1, '2021-10-17 22:59:25', '2021-10-17 22:59:25'),
(22, '/storage/carousels/R20JTJB4IA7SXeP11IgJ7RQVYH2VpX7JMJ1FeV1v.png', 1, '2021-10-18 01:53:15', '2021-10-18 01:53:15');

-- --------------------------------------------------------

--
-- Table structure for table `categories`
--

CREATE TABLE `categories` (
  `id` bigint(20) UNSIGNED NOT NULL,
  `name` varchar(255) COLLATE utf8mb4_unicode_ci NOT NULL,
  `slug` varchar(255) COLLATE utf8mb4_unicode_ci NOT NULL,
  `created_at` timestamp NULL DEFAULT NULL,
  `updated_at` timestamp NULL DEFAULT NULL
) ENGINE=InnoDB DEFAULT CHARSET=utf8mb4 COLLATE=utf8mb4_unicode_ci;

--
-- Dumping data for table `categories`
--

INSERT INTO `categories` (`id`, `name`, `slug`, `created_at`, `updated_at`) VALUES
(1, 'Cewek', 'cewek', '2021-09-28 05:40:44', '2021-09-28 05:40:44'),
(2, 'Cowok', 'cowok', '2021-09-28 05:42:00', '2021-09-28 05:42:00'),
(3, 'Atasan', 'atasan', '2021-09-28 05:42:23', '2021-09-28 05:42:23'),
(4, 'Bawahan', 'bawahan', '2021-09-28 05:42:36', '2021-09-28 05:42:36');

-- --------------------------------------------------------

--
-- Table structure for table `category_product`
--

CREATE TABLE `category_product` (
  `product_id` bigint(20) UNSIGNED NOT NULL,
  `category_id` bigint(20) UNSIGNED NOT NULL
) ENGINE=InnoDB DEFAULT CHARSET=utf8mb4;

--
-- Dumping data for table `category_product`
--

INSERT INTO `category_product` (`product_id`, `category_id`) VALUES
(1, 1),
(1, 2),
(1, 3),
(5, 2),
(6, 1);

-- --------------------------------------------------------

--
-- Table structure for table `category_sub_category`
--

CREATE TABLE `category_sub_category` (
  `id` bigint(20) UNSIGNED NOT NULL,
  `category_id` bigint(20) UNSIGNED NOT NULL,
  `sub_category_id` bigint(20) UNSIGNED NOT NULL,
  `image_url` varchar(255) COLLATE utf8mb4_unicode_ci NOT NULL
) ENGINE=InnoDB DEFAULT CHARSET=utf8mb4 COLLATE=utf8mb4_unicode_ci;

--
-- Dumping data for table `category_sub_category`
--

INSERT INTO `category_sub_category` (`id`, `category_id`, `sub_category_id`, `image_url`) VALUES
(1, 3, 1, '/storage/sub_categories/sweater.png'),
(2, 3, 2, '/storage/sub_categories/kaos.jpg'),
(8, 2, 2, '/storage/sub_categories/kaoscowok.jpg'),
(9, 2, 3, '/storage/sub_categories/kemejacowok.jpg'),
(13, 1, 6, '/storage/sub_categories/hodieecowok.jpg'),
(14, 1, 7, '/storage/sub_categories/Kardigan.jpg');

-- --------------------------------------------------------

--
-- Table structure for table `districts`
--

CREATE TABLE `districts` (
  `id` bigint(20) UNSIGNED NOT NULL,
  `province_id` int(11) NOT NULL,
  `district_id` int(11) NOT NULL,
  `title` varchar(255) COLLATE utf8mb4_unicode_ci NOT NULL,
  `created_at` timestamp NULL DEFAULT NULL,
  `updated_at` timestamp NULL DEFAULT NULL
) ENGINE=InnoDB DEFAULT CHARSET=utf8mb4 COLLATE=utf8mb4_unicode_ci;

--
-- Dumping data for table `districts`
--

INSERT INTO `districts` (`id`, `province_id`, `district_id`, `title`, `created_at`, `updated_at`) VALUES
(35, 1, 17, 'Badung', '2020-03-22 00:06:13', '2020-03-22 00:06:13'),
(36, 1, 32, 'Bangli', '2020-03-22 00:06:13', '2020-03-22 00:06:13'),
(37, 1, 94, 'Buleleng', '2020-03-22 00:06:13', '2020-03-22 00:06:13'),
(38, 1, 114, 'Denpasar', '2020-03-22 00:06:13', '2020-03-22 00:06:13'),
(39, 1, 128, 'Gianyar', '2020-03-22 00:06:13', '2020-03-22 00:06:13'),
(40, 1, 161, 'Jembrana', '2020-03-22 00:06:13', '2020-03-22 00:06:13'),
(41, 1, 170, 'Karangasem', '2020-03-22 00:06:13', '2020-03-22 00:06:13'),
(42, 1, 197, 'Klungkung', '2020-03-22 00:06:13', '2020-03-22 00:06:13'),
(43, 1, 447, 'Tabanan', '2020-03-22 00:06:13', '2020-03-22 00:06:13'),
(44, 2, 27, 'Bangka', '2020-03-22 00:06:14', '2020-03-22 00:06:14'),
(45, 2, 28, 'Bangka Barat', '2020-03-22 00:06:14', '2020-03-22 00:06:14'),
(46, 2, 29, 'Bangka Selatan', '2020-03-22 00:06:14', '2020-03-22 00:06:14'),
(47, 2, 30, 'Bangka Tengah', '2020-03-22 00:06:14', '2020-03-22 00:06:14'),
(48, 2, 56, 'Belitung', '2020-03-22 00:06:14', '2020-03-22 00:06:14'),
(49, 2, 57, 'Belitung Timur', '2020-03-22 00:06:14', '2020-03-22 00:06:14'),
(50, 2, 334, 'Pangkal Pinang', '2020-03-22 00:06:14', '2020-03-22 00:06:14'),
(51, 3, 106, 'Cilegon', '2020-03-22 00:06:15', '2020-03-22 00:06:15'),
(52, 3, 232, 'Lebak', '2020-03-22 00:06:15', '2020-03-22 00:06:15'),
(53, 3, 331, 'Pandeglang', '2020-03-22 00:06:15', '2020-03-22 00:06:15'),
(54, 3, 402, 'Serang', '2020-03-22 00:06:15', '2020-03-22 00:06:15'),
(55, 3, 403, 'Serang', '2020-03-22 00:06:15', '2020-03-22 00:06:15'),
(56, 3, 455, 'Tangerang', '2020-03-22 00:06:15', '2020-03-22 00:06:15'),
(57, 3, 456, 'Tangerang', '2020-03-22 00:06:15', '2020-03-22 00:06:15'),
(58, 3, 457, 'Tangerang Selatan', '2020-03-22 00:06:15', '2020-03-22 00:06:15'),
(59, 4, 62, 'Bengkulu', '2020-03-22 00:06:16', '2020-03-22 00:06:16'),
(60, 4, 63, 'Bengkulu Selatan', '2020-03-22 00:06:16', '2020-03-22 00:06:16'),
(61, 4, 64, 'Bengkulu Tengah', '2020-03-22 00:06:16', '2020-03-22 00:06:16'),
(62, 4, 65, 'Bengkulu Utara', '2020-03-22 00:06:16', '2020-03-22 00:06:16'),
(63, 4, 175, 'Kaur', '2020-03-22 00:06:16', '2020-03-22 00:06:16'),
(64, 4, 183, 'Kepahiang', '2020-03-22 00:06:16', '2020-03-22 00:06:16'),
(65, 4, 233, 'Lebong', '2020-03-22 00:06:16', '2020-03-22 00:06:16'),
(66, 4, 294, 'Muko Muko', '2020-03-22 00:06:16', '2020-03-22 00:06:16'),
(67, 4, 379, 'Rejang Lebong', '2020-03-22 00:06:16', '2020-03-22 00:06:16'),
(68, 4, 397, 'Seluma', '2020-03-22 00:06:16', '2020-03-22 00:06:16'),
(69, 5, 39, 'Bantul', '2020-03-22 00:06:18', '2020-03-22 00:06:18'),
(70, 5, 135, 'Gunung Kidul', '2020-03-22 00:06:19', '2020-03-22 00:06:19'),
(71, 5, 210, 'Kulon Progo', '2020-03-22 00:06:19', '2020-03-22 00:06:19'),
(72, 5, 419, 'Sleman', '2020-03-22 00:06:19', '2020-03-22 00:06:19'),
(73, 5, 501, 'Yogyakarta', '2020-03-22 00:06:19', '2020-03-22 00:06:19'),
(74, 6, 151, 'Jakarta Barat', '2020-03-22 00:06:23', '2020-03-22 00:06:23'),
(75, 6, 152, 'Jakarta Pusat', '2020-03-22 00:06:23', '2020-03-22 00:06:23'),
(76, 6, 153, 'Jakarta Selatan', '2020-03-22 00:06:23', '2020-03-22 00:06:23'),
(77, 6, 154, 'Jakarta Timur', '2020-03-22 00:06:23', '2020-03-22 00:06:23'),
(78, 6, 155, 'Jakarta Utara', '2020-03-22 00:06:23', '2020-03-22 00:06:23'),
(79, 6, 189, 'Kepulauan Seribu', '2020-03-22 00:06:23', '2020-03-22 00:06:23'),
(80, 7, 77, 'Boalemo', '2020-03-22 00:06:24', '2020-03-22 00:06:24'),
(81, 7, 88, 'Bone Bolango', '2020-03-22 00:06:24', '2020-03-22 00:06:24'),
(82, 7, 129, 'Gorontalo', '2020-03-22 00:06:24', '2020-03-22 00:06:24'),
(83, 7, 130, 'Gorontalo', '2020-03-22 00:06:24', '2020-03-22 00:06:24'),
(84, 7, 131, 'Gorontalo Utara', '2020-03-22 00:06:24', '2020-03-22 00:06:24'),
(85, 7, 361, 'Pohuwato', '2020-03-22 00:06:24', '2020-03-22 00:06:24'),
(86, 8, 50, 'Batang Hari', '2020-03-22 00:06:25', '2020-03-22 00:06:25'),
(87, 8, 97, 'Bungo', '2020-03-22 00:06:26', '2020-03-22 00:06:26'),
(88, 8, 156, 'Jambi', '2020-03-22 00:06:26', '2020-03-22 00:06:26'),
(89, 8, 194, 'Kerinci', '2020-03-22 00:06:26', '2020-03-22 00:06:26'),
(90, 8, 280, 'Merangin', '2020-03-22 00:06:26', '2020-03-22 00:06:26'),
(91, 8, 293, 'Muaro Jambi', '2020-03-22 00:06:26', '2020-03-22 00:06:26'),
(92, 8, 393, 'Sarolangun', '2020-03-22 00:06:26', '2020-03-22 00:06:26'),
(93, 8, 442, 'Sungaipenuh', '2020-03-22 00:06:26', '2020-03-22 00:06:26'),
(94, 8, 460, 'Tanjung Jabung Barat', '2020-03-22 00:06:26', '2020-03-22 00:06:26'),
(95, 8, 461, 'Tanjung Jabung Timur', '2020-03-22 00:06:26', '2020-03-22 00:06:26'),
(96, 8, 471, 'Tebo', '2020-03-22 00:06:26', '2020-03-22 00:06:26'),
(97, 9, 22, 'Bandung', '2020-03-22 00:06:27', '2020-03-22 00:06:27'),
(98, 9, 23, 'Bandung', '2020-03-22 00:06:27', '2020-03-22 00:06:27'),
(99, 9, 24, 'Bandung Barat', '2020-03-22 00:06:27', '2020-03-22 00:06:27'),
(100, 9, 34, 'Banjar', '2020-03-22 00:06:27', '2020-03-22 00:06:27'),
(101, 9, 54, 'Bekasi', '2020-03-22 00:06:27', '2020-03-22 00:06:27'),
(102, 9, 55, 'Bekasi', '2020-03-22 00:06:27', '2020-03-22 00:06:27'),
(103, 9, 78, 'Bogor', '2020-03-22 00:06:27', '2020-03-22 00:06:27'),
(104, 9, 79, 'Bogor', '2020-03-22 00:06:27', '2020-03-22 00:06:27'),
(105, 9, 103, 'Ciamis', '2020-03-22 00:06:28', '2020-03-22 00:06:28'),
(106, 9, 104, 'Cianjur', '2020-03-22 00:06:28', '2020-03-22 00:06:28'),
(107, 9, 107, 'Cimahi', '2020-03-22 00:06:28', '2020-03-22 00:06:28'),
(108, 9, 108, 'Cirebon', '2020-03-22 00:06:28', '2020-03-22 00:06:28'),
(109, 9, 109, 'Cirebon', '2020-03-22 00:06:28', '2020-03-22 00:06:28'),
(110, 9, 115, 'Depok', '2020-03-22 00:06:28', '2020-03-22 00:06:28'),
(111, 9, 126, 'Garut', '2020-03-22 00:06:28', '2020-03-22 00:06:28'),
(112, 9, 149, 'Indramayu', '2020-03-22 00:06:28', '2020-03-22 00:06:28'),
(113, 9, 171, 'Karawang', '2020-03-22 00:06:28', '2020-03-22 00:06:28'),
(114, 9, 211, 'Kuningan', '2020-03-22 00:06:28', '2020-03-22 00:06:28'),
(115, 9, 252, 'Majalengka', '2020-03-22 00:06:28', '2020-03-22 00:06:28'),
(116, 9, 332, 'Pangandaran', '2020-03-22 00:06:28', '2020-03-22 00:06:28'),
(117, 9, 376, 'Purwakarta', '2020-03-22 00:06:28', '2020-03-22 00:06:28'),
(118, 9, 428, 'Subang', '2020-03-22 00:06:28', '2020-03-22 00:06:28'),
(119, 9, 430, 'Sukabumi', '2020-03-22 00:06:28', '2020-03-22 00:06:28'),
(120, 9, 431, 'Sukabumi', '2020-03-22 00:06:28', '2020-03-22 00:06:28'),
(121, 9, 440, 'Sumedang', '2020-03-22 00:06:29', '2020-03-22 00:06:29'),
(122, 9, 468, 'Tasikmalaya', '2020-03-22 00:06:29', '2020-03-22 00:06:29'),
(123, 9, 469, 'Tasikmalaya', '2020-03-22 00:06:29', '2020-03-22 00:06:29'),
(124, 10, 37, 'Banjarnegara', '2020-03-22 00:06:31', '2020-03-22 00:06:31'),
(125, 10, 41, 'Banyumas', '2020-03-22 00:06:31', '2020-03-22 00:06:31'),
(126, 10, 49, 'Batang', '2020-03-22 00:06:31', '2020-03-22 00:06:31'),
(127, 10, 76, 'Blora', '2020-03-22 00:06:31', '2020-03-22 00:06:31'),
(128, 10, 91, 'Boyolali', '2020-03-22 00:06:31', '2020-03-22 00:06:31'),
(129, 10, 92, 'Brebes', '2020-03-22 00:06:31', '2020-03-22 00:06:31'),
(130, 10, 105, 'Cilacap', '2020-03-22 00:06:31', '2020-03-22 00:06:31'),
(131, 10, 113, 'Demak', '2020-03-22 00:06:32', '2020-03-22 00:06:32'),
(132, 10, 134, 'Grobogan', '2020-03-22 00:06:32', '2020-03-22 00:06:32'),
(133, 10, 163, 'Jepara', '2020-03-22 00:06:32', '2020-03-22 00:06:32'),
(134, 10, 169, 'Karanganyar', '2020-03-22 00:06:32', '2020-03-22 00:06:32'),
(135, 10, 177, 'Kebumen', '2020-03-22 00:06:32', '2020-03-22 00:06:32'),
(136, 10, 181, 'Kendal', '2020-03-22 00:06:32', '2020-03-22 00:06:32'),
(137, 10, 196, 'Klaten', '2020-03-22 00:06:32', '2020-03-22 00:06:32'),
(138, 10, 209, 'Kudus', '2020-03-22 00:06:32', '2020-03-22 00:06:32'),
(139, 10, 249, 'Magelang', '2020-03-22 00:06:32', '2020-03-22 00:06:32'),
(140, 10, 250, 'Magelang', '2020-03-22 00:06:32', '2020-03-22 00:06:32'),
(141, 10, 344, 'Pati', '2020-03-22 00:06:32', '2020-03-22 00:06:32'),
(142, 10, 348, 'Pekalongan', '2020-03-22 00:06:32', '2020-03-22 00:06:32'),
(143, 10, 349, 'Pekalongan', '2020-03-22 00:06:32', '2020-03-22 00:06:32'),
(144, 10, 352, 'Pemalang', '2020-03-22 00:06:32', '2020-03-22 00:06:32'),
(145, 10, 375, 'Purbalingga', '2020-03-22 00:06:32', '2020-03-22 00:06:32'),
(146, 10, 377, 'Purworejo', '2020-03-22 00:06:32', '2020-03-22 00:06:32'),
(147, 10, 380, 'Rembang', '2020-03-22 00:06:32', '2020-03-22 00:06:32'),
(148, 10, 386, 'Salatiga', '2020-03-22 00:06:33', '2020-03-22 00:06:33'),
(149, 10, 398, 'Semarang', '2020-03-22 00:06:33', '2020-03-22 00:06:33'),
(150, 10, 399, 'Semarang', '2020-03-22 00:06:33', '2020-03-22 00:06:33'),
(151, 10, 427, 'Sragen', '2020-03-22 00:06:33', '2020-03-22 00:06:33'),
(152, 10, 433, 'Sukoharjo', '2020-03-22 00:06:33', '2020-03-22 00:06:33'),
(153, 10, 445, 'Surakarta (Solo)', '2020-03-22 00:06:33', '2020-03-22 00:06:33'),
(154, 10, 472, 'Tegal', '2020-03-22 00:06:33', '2020-03-22 00:06:33'),
(155, 10, 473, 'Tegal', '2020-03-22 00:06:33', '2020-03-22 00:06:33'),
(156, 10, 476, 'Temanggung', '2020-03-22 00:06:33', '2020-03-22 00:06:33'),
(157, 10, 497, 'Wonogiri', '2020-03-22 00:06:33', '2020-03-22 00:06:33'),
(158, 10, 498, 'Wonosobo', '2020-03-22 00:06:33', '2020-03-22 00:06:33'),
(159, 11, 31, 'Bangkalan', '2020-03-22 00:06:34', '2020-03-22 00:06:34'),
(160, 11, 42, 'Banyuwangi', '2020-03-22 00:06:34', '2020-03-22 00:06:34'),
(161, 11, 51, 'Batu', '2020-03-22 00:06:35', '2020-03-22 00:06:35'),
(162, 11, 74, 'Blitar', '2020-03-22 00:06:35', '2020-03-22 00:06:35'),
(163, 11, 75, 'Blitar', '2020-03-22 00:06:35', '2020-03-22 00:06:35'),
(164, 11, 80, 'Bojonegoro', '2020-03-22 00:06:35', '2020-03-22 00:06:35'),
(165, 11, 86, 'Bondowoso', '2020-03-22 00:06:35', '2020-03-22 00:06:35'),
(166, 11, 133, 'Gresik', '2020-03-22 00:06:35', '2020-03-22 00:06:35'),
(167, 11, 160, 'Jember', '2020-03-22 00:06:35', '2020-03-22 00:06:35'),
(168, 11, 164, 'Jombang', '2020-03-22 00:06:35', '2020-03-22 00:06:35'),
(169, 11, 178, 'Kediri', '2020-03-22 00:06:35', '2020-03-22 00:06:35'),
(170, 11, 179, 'Kediri', '2020-03-22 00:06:35', '2020-03-22 00:06:35'),
(171, 11, 222, 'Lamongan', '2020-03-22 00:06:35', '2020-03-22 00:06:35'),
(172, 11, 243, 'Lumajang', '2020-03-22 00:06:35', '2020-03-22 00:06:35'),
(173, 11, 247, 'Madiun', '2020-03-22 00:06:35', '2020-03-22 00:06:35'),
(174, 11, 248, 'Madiun', '2020-03-22 00:06:35', '2020-03-22 00:06:35'),
(175, 11, 251, 'Magetan', '2020-03-22 00:06:35', '2020-03-22 00:06:35'),
(176, 11, 255, 'Malang', '2020-03-22 00:06:35', '2020-03-22 00:06:35'),
(177, 11, 256, 'Malang', '2020-03-22 00:06:35', '2020-03-22 00:06:35'),
(178, 11, 289, 'Mojokerto', '2020-03-22 00:06:35', '2020-03-22 00:06:35'),
(179, 11, 290, 'Mojokerto', '2020-03-22 00:06:35', '2020-03-22 00:06:35'),
(180, 11, 305, 'Nganjuk', '2020-03-22 00:06:35', '2020-03-22 00:06:35'),
(181, 11, 306, 'Ngawi', '2020-03-22 00:06:36', '2020-03-22 00:06:36'),
(182, 11, 317, 'Pacitan', '2020-03-22 00:06:36', '2020-03-22 00:06:36'),
(183, 11, 330, 'Pamekasan', '2020-03-22 00:06:36', '2020-03-22 00:06:36'),
(184, 11, 342, 'Pasuruan', '2020-03-22 00:06:36', '2020-03-22 00:06:36'),
(185, 11, 343, 'Pasuruan', '2020-03-22 00:06:36', '2020-03-22 00:06:36'),
(186, 11, 363, 'Ponorogo', '2020-03-22 00:06:36', '2020-03-22 00:06:36'),
(187, 11, 369, 'Probolinggo', '2020-03-22 00:06:36', '2020-03-22 00:06:36'),
(188, 11, 370, 'Probolinggo', '2020-03-22 00:06:36', '2020-03-22 00:06:36'),
(189, 11, 390, 'Sampang', '2020-03-22 00:06:36', '2020-03-22 00:06:36'),
(190, 11, 409, 'Sidoarjo', '2020-03-22 00:06:36', '2020-03-22 00:06:36'),
(191, 11, 418, 'Situbondo', '2020-03-22 00:06:36', '2020-03-22 00:06:36'),
(192, 11, 441, 'Sumenep', '2020-03-22 00:06:36', '2020-03-22 00:06:36'),
(193, 11, 444, 'Surabaya', '2020-03-22 00:06:36', '2020-03-22 00:06:36'),
(194, 11, 487, 'Trenggalek', '2020-03-22 00:06:36', '2020-03-22 00:06:36'),
(195, 11, 489, 'Tuban', '2020-03-22 00:06:36', '2020-03-22 00:06:36'),
(196, 11, 492, 'Tulungagung', '2020-03-22 00:06:37', '2020-03-22 00:06:37'),
(197, 12, 61, 'Bengkayang', '2020-03-22 00:06:37', '2020-03-22 00:06:37'),
(198, 12, 168, 'Kapuas Hulu', '2020-03-22 00:06:37', '2020-03-22 00:06:37'),
(199, 12, 176, 'Kayong Utara', '2020-03-22 00:06:37', '2020-03-22 00:06:37'),
(200, 12, 195, 'Ketapang', '2020-03-22 00:06:37', '2020-03-22 00:06:37'),
(201, 12, 208, 'Kubu Raya', '2020-03-22 00:06:37', '2020-03-22 00:06:37'),
(202, 12, 228, 'Landak', '2020-03-22 00:06:37', '2020-03-22 00:06:37'),
(203, 12, 279, 'Melawi', '2020-03-22 00:06:37', '2020-03-22 00:06:37'),
(204, 12, 364, 'Pontianak', '2020-03-22 00:06:37', '2020-03-22 00:06:37'),
(205, 12, 365, 'Pontianak', '2020-03-22 00:06:38', '2020-03-22 00:06:38'),
(206, 12, 388, 'Sambas', '2020-03-22 00:06:38', '2020-03-22 00:06:38'),
(207, 12, 391, 'Sanggau', '2020-03-22 00:06:38', '2020-03-22 00:06:38'),
(208, 12, 395, 'Sekadau', '2020-03-22 00:06:38', '2020-03-22 00:06:38'),
(209, 12, 415, 'Singkawang', '2020-03-22 00:06:38', '2020-03-22 00:06:38'),
(210, 12, 417, 'Sintang', '2020-03-22 00:06:38', '2020-03-22 00:06:38'),
(211, 13, 18, 'Balangan', '2020-03-22 00:06:39', '2020-03-22 00:06:39'),
(212, 13, 33, 'Banjar', '2020-03-22 00:06:39', '2020-03-22 00:06:39'),
(213, 13, 35, 'Banjarbaru', '2020-03-22 00:06:39', '2020-03-22 00:06:39'),
(214, 13, 36, 'Banjarmasin', '2020-03-22 00:06:39', '2020-03-22 00:06:39'),
(215, 13, 43, 'Barito Kuala', '2020-03-22 00:06:40', '2020-03-22 00:06:40'),
(216, 13, 143, 'Hulu Sungai Selatan', '2020-03-22 00:06:40', '2020-03-22 00:06:40'),
(217, 13, 144, 'Hulu Sungai Tengah', '2020-03-22 00:06:40', '2020-03-22 00:06:40'),
(218, 13, 145, 'Hulu Sungai Utara', '2020-03-22 00:06:40', '2020-03-22 00:06:40'),
(219, 13, 203, 'Kotabaru', '2020-03-22 00:06:40', '2020-03-22 00:06:40'),
(220, 13, 446, 'Tabalong', '2020-03-22 00:06:40', '2020-03-22 00:06:40'),
(221, 13, 452, 'Tanah Bumbu', '2020-03-22 00:06:40', '2020-03-22 00:06:40'),
(222, 13, 454, 'Tanah Laut', '2020-03-22 00:06:40', '2020-03-22 00:06:40'),
(223, 13, 466, 'Tapin', '2020-03-22 00:06:40', '2020-03-22 00:06:40'),
(224, 14, 44, 'Barito Selatan', '2020-03-22 00:06:41', '2020-03-22 00:06:41'),
(225, 14, 45, 'Barito Timur', '2020-03-22 00:06:41', '2020-03-22 00:06:41'),
(226, 14, 46, 'Barito Utara', '2020-03-22 00:06:41', '2020-03-22 00:06:41'),
(227, 14, 136, 'Gunung Mas', '2020-03-22 00:06:42', '2020-03-22 00:06:42'),
(228, 14, 167, 'Kapuas', '2020-03-22 00:06:42', '2020-03-22 00:06:42'),
(229, 14, 174, 'Katingan', '2020-03-22 00:06:42', '2020-03-22 00:06:42'),
(230, 14, 205, 'Kotawaringin Barat', '2020-03-22 00:06:42', '2020-03-22 00:06:42'),
(231, 14, 206, 'Kotawaringin Timur', '2020-03-22 00:06:42', '2020-03-22 00:06:42'),
(232, 14, 221, 'Lamandau', '2020-03-22 00:06:42', '2020-03-22 00:06:42'),
(233, 14, 296, 'Murung Raya', '2020-03-22 00:06:42', '2020-03-22 00:06:42'),
(234, 14, 326, 'Palangka Raya', '2020-03-22 00:06:42', '2020-03-22 00:06:42'),
(235, 14, 371, 'Pulang Pisau', '2020-03-22 00:06:42', '2020-03-22 00:06:42'),
(236, 14, 405, 'Seruyan', '2020-03-22 00:06:42', '2020-03-22 00:06:42'),
(237, 14, 432, 'Sukamara', '2020-03-22 00:06:42', '2020-03-22 00:06:42'),
(238, 15, 19, 'Balikpapan', '2020-03-22 00:06:43', '2020-03-22 00:06:43'),
(239, 15, 66, 'Berau', '2020-03-22 00:06:43', '2020-03-22 00:06:43'),
(240, 15, 89, 'Bontang', '2020-03-22 00:06:43', '2020-03-22 00:06:43'),
(241, 15, 214, 'Kutai Barat', '2020-03-22 00:06:43', '2020-03-22 00:06:43'),
(242, 15, 215, 'Kutai Kartanegara', '2020-03-22 00:06:44', '2020-03-22 00:06:44'),
(243, 15, 216, 'Kutai Timur', '2020-03-22 00:06:44', '2020-03-22 00:06:44'),
(244, 15, 341, 'Paser', '2020-03-22 00:06:44', '2020-03-22 00:06:44'),
(245, 15, 354, 'Penajam Paser Utara', '2020-03-22 00:06:44', '2020-03-22 00:06:44'),
(246, 15, 387, 'Samarinda', '2020-03-22 00:06:44', '2020-03-22 00:06:44'),
(247, 16, 96, 'Bulungan (Bulongan)', '2020-03-22 00:06:45', '2020-03-22 00:06:45'),
(248, 16, 257, 'Malinau', '2020-03-22 00:06:45', '2020-03-22 00:06:45'),
(249, 16, 311, 'Nunukan', '2020-03-22 00:06:45', '2020-03-22 00:06:45'),
(250, 16, 450, 'Tana Tidung', '2020-03-22 00:06:45', '2020-03-22 00:06:45'),
(251, 16, 467, 'Tarakan', '2020-03-22 00:06:45', '2020-03-22 00:06:45'),
(252, 17, 48, 'Batam', '2020-03-22 00:07:15', '2020-03-22 00:07:15'),
(253, 17, 71, 'Bintan', '2020-03-22 00:07:15', '2020-03-22 00:07:15'),
(254, 17, 172, 'Karimun', '2020-03-22 00:07:15', '2020-03-22 00:07:15'),
(255, 17, 184, 'Kepulauan Anambas', '2020-03-22 00:07:15', '2020-03-22 00:07:15'),
(256, 17, 237, 'Lingga', '2020-03-22 00:07:15', '2020-03-22 00:07:15'),
(257, 17, 302, 'Natuna', '2020-03-22 00:07:15', '2020-03-22 00:07:15'),
(258, 17, 462, 'Tanjung Pinang', '2020-03-22 00:07:15', '2020-03-22 00:07:15'),
(259, 18, 21, 'Bandar Lampung', '2020-03-22 00:07:17', '2020-03-22 00:07:17'),
(260, 18, 223, 'Lampung Barat', '2020-03-22 00:07:17', '2020-03-22 00:07:17'),
(261, 18, 224, 'Lampung Selatan', '2020-03-22 00:07:17', '2020-03-22 00:07:17'),
(262, 18, 225, 'Lampung Tengah', '2020-03-22 00:07:17', '2020-03-22 00:07:17'),
(263, 18, 226, 'Lampung Timur', '2020-03-22 00:07:17', '2020-03-22 00:07:17'),
(264, 18, 227, 'Lampung Utara', '2020-03-22 00:07:17', '2020-03-22 00:07:17'),
(265, 18, 282, 'Mesuji', '2020-03-22 00:07:17', '2020-03-22 00:07:17'),
(266, 18, 283, 'Metro', '2020-03-22 00:07:17', '2020-03-22 00:07:17'),
(267, 18, 355, 'Pesawaran', '2020-03-22 00:07:17', '2020-03-22 00:07:17'),
(268, 18, 356, 'Pesisir Barat', '2020-03-22 00:07:17', '2020-03-22 00:07:17'),
(269, 18, 368, 'Pringsewu', '2020-03-22 00:07:17', '2020-03-22 00:07:17'),
(270, 18, 458, 'Tanggamus', '2020-03-22 00:07:17', '2020-03-22 00:07:17'),
(271, 18, 490, 'Tulang Bawang', '2020-03-22 00:07:17', '2020-03-22 00:07:17'),
(272, 18, 491, 'Tulang Bawang Barat', '2020-03-22 00:07:17', '2020-03-22 00:07:17'),
(273, 18, 496, 'Way Kanan', '2020-03-22 00:07:17', '2020-03-22 00:07:17'),
(274, 19, 14, 'Ambon', '2020-03-22 00:07:18', '2020-03-22 00:07:18'),
(275, 19, 99, 'Buru', '2020-03-22 00:07:18', '2020-03-22 00:07:18'),
(276, 19, 100, 'Buru Selatan', '2020-03-22 00:07:19', '2020-03-22 00:07:19'),
(277, 19, 185, 'Kepulauan Aru', '2020-03-22 00:07:19', '2020-03-22 00:07:19'),
(278, 19, 258, 'Maluku Barat Daya', '2020-03-22 00:07:19', '2020-03-22 00:07:19'),
(279, 19, 259, 'Maluku Tengah', '2020-03-22 00:07:19', '2020-03-22 00:07:19'),
(280, 19, 260, 'Maluku Tenggara', '2020-03-22 00:07:19', '2020-03-22 00:07:19'),
(281, 19, 261, 'Maluku Tenggara Barat', '2020-03-22 00:07:19', '2020-03-22 00:07:19'),
(282, 19, 400, 'Seram Bagian Barat', '2020-03-22 00:07:19', '2020-03-22 00:07:19'),
(283, 19, 401, 'Seram Bagian Timur', '2020-03-22 00:07:19', '2020-03-22 00:07:19'),
(284, 19, 488, 'Tual', '2020-03-22 00:07:19', '2020-03-22 00:07:19'),
(285, 20, 138, 'Halmahera Barat', '2020-03-22 00:07:20', '2020-03-22 00:07:20'),
(286, 20, 139, 'Halmahera Selatan', '2020-03-22 00:07:20', '2020-03-22 00:07:20'),
(287, 20, 140, 'Halmahera Tengah', '2020-03-22 00:07:20', '2020-03-22 00:07:20'),
(288, 20, 141, 'Halmahera Timur', '2020-03-22 00:07:20', '2020-03-22 00:07:20'),
(289, 20, 142, 'Halmahera Utara', '2020-03-22 00:07:20', '2020-03-22 00:07:20'),
(290, 20, 191, 'Kepulauan Sula', '2020-03-22 00:07:20', '2020-03-22 00:07:20'),
(291, 20, 372, 'Pulau Morotai', '2020-03-22 00:07:20', '2020-03-22 00:07:20'),
(292, 20, 477, 'Ternate', '2020-03-22 00:07:20', '2020-03-22 00:07:20'),
(293, 20, 478, 'Tidore Kepulauan', '2020-03-22 00:07:21', '2020-03-22 00:07:21'),
(294, 21, 1, 'Aceh Barat', '2020-03-22 00:07:22', '2020-03-22 00:07:22'),
(295, 21, 2, 'Aceh Barat Daya', '2020-03-22 00:07:22', '2020-03-22 00:07:22'),
(296, 21, 3, 'Aceh Besar', '2020-03-22 00:07:22', '2020-03-22 00:07:22'),
(297, 21, 4, 'Aceh Jaya', '2020-03-22 00:07:22', '2020-03-22 00:07:22'),
(298, 21, 5, 'Aceh Selatan', '2020-03-22 00:07:22', '2020-03-22 00:07:22'),
(299, 21, 6, 'Aceh Singkil', '2020-03-22 00:07:22', '2020-03-22 00:07:22'),
(300, 21, 7, 'Aceh Tamiang', '2020-03-22 00:07:22', '2020-03-22 00:07:22'),
(301, 21, 8, 'Aceh Tengah', '2020-03-22 00:07:22', '2020-03-22 00:07:22'),
(302, 21, 9, 'Aceh Tenggara', '2020-03-22 00:07:22', '2020-03-22 00:07:22'),
(303, 21, 10, 'Aceh Timur', '2020-03-22 00:07:22', '2020-03-22 00:07:22'),
(304, 21, 11, 'Aceh Utara', '2020-03-22 00:07:23', '2020-03-22 00:07:23'),
(305, 21, 20, 'Banda Aceh', '2020-03-22 00:07:23', '2020-03-22 00:07:23'),
(306, 21, 59, 'Bener Meriah', '2020-03-22 00:07:23', '2020-03-22 00:07:23'),
(307, 21, 72, 'Bireuen', '2020-03-22 00:07:23', '2020-03-22 00:07:23'),
(308, 21, 127, 'Gayo Lues', '2020-03-22 00:07:23', '2020-03-22 00:07:23'),
(309, 21, 230, 'Langsa', '2020-03-22 00:07:23', '2020-03-22 00:07:23'),
(310, 21, 235, 'Lhokseumawe', '2020-03-22 00:07:23', '2020-03-22 00:07:23'),
(311, 21, 300, 'Nagan Raya', '2020-03-22 00:07:23', '2020-03-22 00:07:23'),
(312, 21, 358, 'Pidie', '2020-03-22 00:07:23', '2020-03-22 00:07:23'),
(313, 21, 359, 'Pidie Jaya', '2020-03-22 00:07:23', '2020-03-22 00:07:23'),
(314, 21, 384, 'Sabang', '2020-03-22 00:07:23', '2020-03-22 00:07:23'),
(315, 21, 414, 'Simeulue', '2020-03-22 00:07:23', '2020-03-22 00:07:23'),
(316, 21, 429, 'Subulussalam', '2020-03-22 00:07:23', '2020-03-22 00:07:23'),
(317, 22, 68, 'Bima', '2020-03-22 00:07:26', '2020-03-22 00:07:26'),
(318, 22, 69, 'Bima', '2020-03-22 00:07:26', '2020-03-22 00:07:26'),
(319, 22, 118, 'Dompu', '2020-03-22 00:07:26', '2020-03-22 00:07:26'),
(320, 22, 238, 'Lombok Barat', '2020-03-22 00:07:26', '2020-03-22 00:07:26'),
(321, 22, 239, 'Lombok Tengah', '2020-03-22 00:07:26', '2020-03-22 00:07:26'),
(322, 22, 240, 'Lombok Timur', '2020-03-22 00:07:26', '2020-03-22 00:07:26'),
(323, 22, 241, 'Lombok Utara', '2020-03-22 00:07:26', '2020-03-22 00:07:26'),
(324, 22, 276, 'Mataram', '2020-03-22 00:07:26', '2020-03-22 00:07:26'),
(325, 22, 438, 'Sumbawa', '2020-03-22 00:07:26', '2020-03-22 00:07:26'),
(326, 22, 439, 'Sumbawa Barat', '2020-03-22 00:07:26', '2020-03-22 00:07:26'),
(327, 23, 13, 'Alor', '2020-03-22 00:07:29', '2020-03-22 00:07:29'),
(328, 23, 58, 'Belu', '2020-03-22 00:07:29', '2020-03-22 00:07:29'),
(329, 23, 122, 'Ende', '2020-03-22 00:07:29', '2020-03-22 00:07:29'),
(330, 23, 125, 'Flores Timur', '2020-03-22 00:07:29', '2020-03-22 00:07:29'),
(331, 23, 212, 'Kupang', '2020-03-22 00:07:29', '2020-03-22 00:07:29'),
(332, 23, 213, 'Kupang', '2020-03-22 00:07:29', '2020-03-22 00:07:29'),
(333, 23, 234, 'Lembata', '2020-03-22 00:07:29', '2020-03-22 00:07:29'),
(334, 23, 269, 'Manggarai', '2020-03-22 00:07:29', '2020-03-22 00:07:29'),
(335, 23, 270, 'Manggarai Barat', '2020-03-22 00:07:29', '2020-03-22 00:07:29'),
(336, 23, 271, 'Manggarai Timur', '2020-03-22 00:07:29', '2020-03-22 00:07:29'),
(337, 23, 301, 'Nagekeo', '2020-03-22 00:07:29', '2020-03-22 00:07:29'),
(338, 23, 304, 'Ngada', '2020-03-22 00:07:30', '2020-03-22 00:07:30'),
(339, 23, 383, 'Rote Ndao', '2020-03-22 00:07:30', '2020-03-22 00:07:30'),
(340, 23, 385, 'Sabu Raijua', '2020-03-22 00:07:30', '2020-03-22 00:07:30'),
(341, 23, 412, 'Sikka', '2020-03-22 00:07:30', '2020-03-22 00:07:30'),
(342, 23, 434, 'Sumba Barat', '2020-03-22 00:07:30', '2020-03-22 00:07:30'),
(343, 23, 435, 'Sumba Barat Daya', '2020-03-22 00:07:30', '2020-03-22 00:07:30'),
(344, 23, 436, 'Sumba Tengah', '2020-03-22 00:07:30', '2020-03-22 00:07:30'),
(345, 23, 437, 'Sumba Timur', '2020-03-22 00:07:30', '2020-03-22 00:07:30'),
(346, 23, 479, 'Timor Tengah Selatan', '2020-03-22 00:07:30', '2020-03-22 00:07:30'),
(347, 23, 480, 'Timor Tengah Utara', '2020-03-22 00:07:30', '2020-03-22 00:07:30'),
(348, 24, 16, 'Asmat', '2020-03-22 00:07:31', '2020-03-22 00:07:31'),
(349, 24, 67, 'Biak Numfor', '2020-03-22 00:07:31', '2020-03-22 00:07:31'),
(350, 24, 90, 'Boven Digoel', '2020-03-22 00:07:31', '2020-03-22 00:07:31'),
(351, 24, 111, 'Deiyai (Deliyai)', '2020-03-22 00:07:31', '2020-03-22 00:07:31'),
(352, 24, 117, 'Dogiyai', '2020-03-22 00:07:31', '2020-03-22 00:07:31'),
(353, 24, 150, 'Intan Jaya', '2020-03-22 00:07:31', '2020-03-22 00:07:31'),
(354, 24, 157, 'Jayapura', '2020-03-22 00:07:31', '2020-03-22 00:07:31'),
(355, 24, 158, 'Jayapura', '2020-03-22 00:07:31', '2020-03-22 00:07:31'),
(356, 24, 159, 'Jayawijaya', '2020-03-22 00:07:32', '2020-03-22 00:07:32'),
(357, 24, 180, 'Keerom', '2020-03-22 00:07:32', '2020-03-22 00:07:32'),
(358, 24, 193, 'Kepulauan Yapen (Yapen Waropen)', '2020-03-22 00:07:32', '2020-03-22 00:07:32'),
(359, 24, 231, 'Lanny Jaya', '2020-03-22 00:07:32', '2020-03-22 00:07:32'),
(360, 24, 263, 'Mamberamo Raya', '2020-03-22 00:07:32', '2020-03-22 00:07:32'),
(361, 24, 264, 'Mamberamo Tengah', '2020-03-22 00:07:32', '2020-03-22 00:07:32'),
(362, 24, 274, 'Mappi', '2020-03-22 00:07:32', '2020-03-22 00:07:32'),
(363, 24, 281, 'Merauke', '2020-03-22 00:07:32', '2020-03-22 00:07:32'),
(364, 24, 284, 'Mimika', '2020-03-22 00:07:32', '2020-03-22 00:07:32'),
(365, 24, 299, 'Nabire', '2020-03-22 00:07:32', '2020-03-22 00:07:32'),
(366, 24, 303, 'Nduga', '2020-03-22 00:07:32', '2020-03-22 00:07:32'),
(367, 24, 335, 'Paniai', '2020-03-22 00:07:32', '2020-03-22 00:07:32'),
(368, 24, 347, 'Pegunungan Bintang', '2020-03-22 00:07:32', '2020-03-22 00:07:32'),
(369, 24, 373, 'Puncak', '2020-03-22 00:07:32', '2020-03-22 00:07:32'),
(370, 24, 374, 'Puncak Jaya', '2020-03-22 00:07:32', '2020-03-22 00:07:32'),
(371, 24, 392, 'Sarmi', '2020-03-22 00:07:32', '2020-03-22 00:07:32'),
(372, 24, 443, 'Supiori', '2020-03-22 00:07:33', '2020-03-22 00:07:33'),
(373, 24, 484, 'Tolikara', '2020-03-22 00:07:33', '2020-03-22 00:07:33'),
(374, 24, 495, 'Waropen', '2020-03-22 00:07:33', '2020-03-22 00:07:33'),
(375, 24, 499, 'Yahukimo', '2020-03-22 00:07:33', '2020-03-22 00:07:33'),
(376, 24, 500, 'Yalimo', '2020-03-22 00:07:33', '2020-03-22 00:07:33'),
(377, 25, 124, 'Fakfak', '2020-03-22 00:07:34', '2020-03-22 00:07:34'),
(378, 25, 165, 'Kaimana', '2020-03-22 00:07:34', '2020-03-22 00:07:34'),
(379, 25, 272, 'Manokwari', '2020-03-22 00:07:34', '2020-03-22 00:07:34'),
(380, 25, 273, 'Manokwari Selatan', '2020-03-22 00:07:34', '2020-03-22 00:07:34'),
(381, 25, 277, 'Maybrat', '2020-03-22 00:07:34', '2020-03-22 00:07:34'),
(382, 25, 346, 'Pegunungan Arfak', '2020-03-22 00:07:34', '2020-03-22 00:07:34'),
(383, 25, 378, 'Raja Ampat', '2020-03-22 00:07:34', '2020-03-22 00:07:34'),
(384, 25, 424, 'Sorong', '2020-03-22 00:07:34', '2020-03-22 00:07:34'),
(385, 25, 425, 'Sorong', '2020-03-22 00:07:34', '2020-03-22 00:07:34'),
(386, 25, 426, 'Sorong Selatan', '2020-03-22 00:07:34', '2020-03-22 00:07:34'),
(387, 25, 449, 'Tambrauw', '2020-03-22 00:07:34', '2020-03-22 00:07:34'),
(388, 25, 474, 'Teluk Bintuni', '2020-03-22 00:07:34', '2020-03-22 00:07:34'),
(389, 25, 475, 'Teluk Wondama', '2020-03-22 00:07:34', '2020-03-22 00:07:34'),
(390, 26, 60, 'Bengkalis', '2020-03-22 00:07:36', '2020-03-22 00:07:36'),
(391, 26, 120, 'Dumai', '2020-03-22 00:07:37', '2020-03-22 00:07:37'),
(392, 26, 147, 'Indragiri Hilir', '2020-03-22 00:07:37', '2020-03-22 00:07:37'),
(393, 26, 148, 'Indragiri Hulu', '2020-03-22 00:07:37', '2020-03-22 00:07:37'),
(394, 26, 166, 'Kampar', '2020-03-22 00:07:37', '2020-03-22 00:07:37'),
(395, 26, 187, 'Kepulauan Meranti', '2020-03-22 00:07:37', '2020-03-22 00:07:37'),
(396, 26, 207, 'Kuantan Singingi', '2020-03-22 00:07:37', '2020-03-22 00:07:37'),
(397, 26, 350, 'Pekanbaru', '2020-03-22 00:07:37', '2020-03-22 00:07:37'),
(398, 26, 351, 'Pelalawan', '2020-03-22 00:07:37', '2020-03-22 00:07:37'),
(399, 26, 381, 'Rokan Hilir', '2020-03-22 00:07:37', '2020-03-22 00:07:37'),
(400, 26, 382, 'Rokan Hulu', '2020-03-22 00:07:37', '2020-03-22 00:07:37'),
(401, 26, 406, 'Siak', '2020-03-22 00:07:37', '2020-03-22 00:07:37'),
(402, 27, 253, 'Majene', '2020-03-22 00:07:40', '2020-03-22 00:07:40'),
(403, 27, 262, 'Mamasa', '2020-03-22 00:07:40', '2020-03-22 00:07:40'),
(404, 27, 265, 'Mamuju', '2020-03-22 00:07:40', '2020-03-22 00:07:40'),
(405, 27, 266, 'Mamuju Utara', '2020-03-22 00:07:40', '2020-03-22 00:07:40'),
(406, 27, 362, 'Polewali Mandar', '2020-03-22 00:07:40', '2020-03-22 00:07:40'),
(407, 28, 38, 'Bantaeng', '2020-03-22 00:07:41', '2020-03-22 00:07:41'),
(408, 28, 47, 'Barru', '2020-03-22 00:07:41', '2020-03-22 00:07:41'),
(409, 28, 87, 'Bone', '2020-03-22 00:07:42', '2020-03-22 00:07:42'),
(410, 28, 95, 'Bulukumba', '2020-03-22 00:07:42', '2020-03-22 00:07:42'),
(411, 28, 123, 'Enrekang', '2020-03-22 00:07:42', '2020-03-22 00:07:42'),
(412, 28, 132, 'Gowa', '2020-03-22 00:07:42', '2020-03-22 00:07:42'),
(413, 28, 162, 'Jeneponto', '2020-03-22 00:07:42', '2020-03-22 00:07:42'),
(414, 28, 244, 'Luwu', '2020-03-22 00:07:42', '2020-03-22 00:07:42'),
(415, 28, 245, 'Luwu Timur', '2020-03-22 00:07:42', '2020-03-22 00:07:42'),
(416, 28, 246, 'Luwu Utara', '2020-03-22 00:07:42', '2020-03-22 00:07:42'),
(417, 28, 254, 'Makassar', '2020-03-22 00:07:42', '2020-03-22 00:07:42'),
(418, 28, 275, 'Maros', '2020-03-22 00:07:42', '2020-03-22 00:07:42'),
(419, 28, 328, 'Palopo', '2020-03-22 00:07:42', '2020-03-22 00:07:42'),
(420, 28, 333, 'Pangkajene Kepulauan', '2020-03-22 00:07:42', '2020-03-22 00:07:42'),
(421, 28, 336, 'Parepare', '2020-03-22 00:07:42', '2020-03-22 00:07:42'),
(422, 28, 360, 'Pinrang', '2020-03-22 00:07:42', '2020-03-22 00:07:42'),
(423, 28, 396, 'Selayar (Kepulauan Selayar)', '2020-03-22 00:07:42', '2020-03-22 00:07:42'),
(424, 28, 408, 'Sidenreng Rappang/Rapang', '2020-03-22 00:07:42', '2020-03-22 00:07:42'),
(425, 28, 416, 'Sinjai', '2020-03-22 00:07:42', '2020-03-22 00:07:42'),
(426, 28, 423, 'Soppeng', '2020-03-22 00:07:43', '2020-03-22 00:07:43'),
(427, 28, 448, 'Takalar', '2020-03-22 00:07:43', '2020-03-22 00:07:43'),
(428, 28, 451, 'Tana Toraja', '2020-03-22 00:07:43', '2020-03-22 00:07:43'),
(429, 28, 486, 'Toraja Utara', '2020-03-22 00:07:43', '2020-03-22 00:07:43'),
(430, 28, 493, 'Wajo', '2020-03-22 00:07:43', '2020-03-22 00:07:43'),
(431, 29, 25, 'Banggai', '2020-03-22 00:07:44', '2020-03-22 00:07:44'),
(432, 29, 26, 'Banggai Kepulauan', '2020-03-22 00:07:44', '2020-03-22 00:07:44'),
(433, 29, 98, 'Buol', '2020-03-22 00:07:44', '2020-03-22 00:07:44'),
(434, 29, 119, 'Donggala', '2020-03-22 00:07:44', '2020-03-22 00:07:44'),
(435, 29, 291, 'Morowali', '2020-03-22 00:07:44', '2020-03-22 00:07:44'),
(436, 29, 329, 'Palu', '2020-03-22 00:07:44', '2020-03-22 00:07:44'),
(437, 29, 338, 'Parigi Moutong', '2020-03-22 00:07:44', '2020-03-22 00:07:44'),
(438, 29, 366, 'Poso', '2020-03-22 00:07:44', '2020-03-22 00:07:44'),
(439, 29, 410, 'Sigi', '2020-03-22 00:07:45', '2020-03-22 00:07:45'),
(440, 29, 482, 'Tojo Una-Una', '2020-03-22 00:07:45', '2020-03-22 00:07:45'),
(441, 29, 483, 'Toli-Toli', '2020-03-22 00:07:45', '2020-03-22 00:07:45'),
(442, 30, 53, 'Bau-Bau', '2020-03-22 00:07:45', '2020-03-22 00:07:45'),
(443, 30, 85, 'Bombana', '2020-03-22 00:07:46', '2020-03-22 00:07:46'),
(444, 30, 101, 'Buton', '2020-03-22 00:07:46', '2020-03-22 00:07:46'),
(445, 30, 102, 'Buton Utara', '2020-03-22 00:07:46', '2020-03-22 00:07:46'),
(446, 30, 182, 'Kendari', '2020-03-22 00:07:46', '2020-03-22 00:07:46'),
(447, 30, 198, 'Kolaka', '2020-03-22 00:07:46', '2020-03-22 00:07:46'),
(448, 30, 199, 'Kolaka Utara', '2020-03-22 00:07:46', '2020-03-22 00:07:46'),
(449, 30, 200, 'Konawe', '2020-03-22 00:07:46', '2020-03-22 00:07:46'),
(450, 30, 201, 'Konawe Selatan', '2020-03-22 00:07:46', '2020-03-22 00:07:46'),
(451, 30, 202, 'Konawe Utara', '2020-03-22 00:07:46', '2020-03-22 00:07:46'),
(452, 30, 295, 'Muna', '2020-03-22 00:07:46', '2020-03-22 00:07:46'),
(453, 30, 494, 'Wakatobi', '2020-03-22 00:07:46', '2020-03-22 00:07:46'),
(454, 31, 73, 'Bitung', '2020-03-22 00:07:47', '2020-03-22 00:07:47'),
(455, 31, 81, 'Bolaang Mongondow (Bolmong)', '2020-03-22 00:07:48', '2020-03-22 00:07:48'),
(456, 31, 82, 'Bolaang Mongondow Selatan', '2020-03-22 00:07:48', '2020-03-22 00:07:48'),
(457, 31, 83, 'Bolaang Mongondow Timur', '2020-03-22 00:07:48', '2020-03-22 00:07:48'),
(458, 31, 84, 'Bolaang Mongondow Utara', '2020-03-22 00:07:48', '2020-03-22 00:07:48'),
(459, 31, 188, 'Kepulauan Sangihe', '2020-03-22 00:07:48', '2020-03-22 00:07:48'),
(460, 31, 190, 'Kepulauan Siau Tagulandang Biaro (Sitaro)', '2020-03-22 00:07:48', '2020-03-22 00:07:48'),
(461, 31, 192, 'Kepulauan Talaud', '2020-03-22 00:07:48', '2020-03-22 00:07:48'),
(462, 31, 204, 'Kotamobagu', '2020-03-22 00:07:48', '2020-03-22 00:07:48'),
(463, 31, 267, 'Manado', '2020-03-22 00:07:48', '2020-03-22 00:07:48'),
(464, 31, 285, 'Minahasa', '2020-03-22 00:07:48', '2020-03-22 00:07:48'),
(465, 31, 286, 'Minahasa Selatan', '2020-03-22 00:07:48', '2020-03-22 00:07:48'),
(466, 31, 287, 'Minahasa Tenggara', '2020-03-22 00:07:48', '2020-03-22 00:07:48'),
(467, 31, 288, 'Minahasa Utara', '2020-03-22 00:07:48', '2020-03-22 00:07:48'),
(468, 31, 485, 'Tomohon', '2020-03-22 00:07:48', '2020-03-22 00:07:48'),
(469, 32, 12, 'Agam', '2020-03-22 00:07:49', '2020-03-22 00:07:49'),
(470, 32, 93, 'Bukittinggi', '2020-03-22 00:07:49', '2020-03-22 00:07:49'),
(471, 32, 116, 'Dharmasraya', '2020-03-22 00:07:49', '2020-03-22 00:07:49'),
(472, 32, 186, 'Kepulauan Mentawai', '2020-03-22 00:07:49', '2020-03-22 00:07:49'),
(473, 32, 236, 'Lima Puluh Koto/Kota', '2020-03-22 00:07:50', '2020-03-22 00:07:50'),
(474, 32, 318, 'Padang', '2020-03-22 00:07:50', '2020-03-22 00:07:50'),
(475, 32, 321, 'Padang Panjang', '2020-03-22 00:07:50', '2020-03-22 00:07:50'),
(476, 32, 322, 'Padang Pariaman', '2020-03-22 00:07:50', '2020-03-22 00:07:50'),
(477, 32, 337, 'Pariaman', '2020-03-22 00:07:50', '2020-03-22 00:07:50'),
(478, 32, 339, 'Pasaman', '2020-03-22 00:07:50', '2020-03-22 00:07:50'),
(479, 32, 340, 'Pasaman Barat', '2020-03-22 00:07:50', '2020-03-22 00:07:50'),
(480, 32, 345, 'Payakumbuh', '2020-03-22 00:07:50', '2020-03-22 00:07:50'),
(481, 32, 357, 'Pesisir Selatan', '2020-03-22 00:07:50', '2020-03-22 00:07:50'),
(482, 32, 394, 'Sawah Lunto', '2020-03-22 00:07:50', '2020-03-22 00:07:50'),
(483, 32, 411, 'Sijunjung (Sawah Lunto Sijunjung)', '2020-03-22 00:07:50', '2020-03-22 00:07:50'),
(484, 32, 420, 'Solok', '2020-03-22 00:07:51', '2020-03-22 00:07:51'),
(485, 32, 421, 'Solok', '2020-03-22 00:07:51', '2020-03-22 00:07:51'),
(486, 32, 422, 'Solok Selatan', '2020-03-22 00:07:51', '2020-03-22 00:07:51'),
(487, 32, 453, 'Tanah Datar', '2020-03-22 00:07:51', '2020-03-22 00:07:51'),
(488, 33, 40, 'Banyuasin', '2020-03-22 00:07:52', '2020-03-22 00:07:52'),
(489, 33, 121, 'Empat Lawang', '2020-03-22 00:07:52', '2020-03-22 00:07:52'),
(490, 33, 220, 'Lahat', '2020-03-22 00:07:52', '2020-03-22 00:07:52'),
(491, 33, 242, 'Lubuk Linggau', '2020-03-22 00:07:52', '2020-03-22 00:07:52'),
(492, 33, 292, 'Muara Enim', '2020-03-22 00:07:52', '2020-03-22 00:07:52'),
(493, 33, 297, 'Musi Banyuasin', '2020-03-22 00:07:52', '2020-03-22 00:07:52'),
(494, 33, 298, 'Musi Rawas', '2020-03-22 00:07:52', '2020-03-22 00:07:52'),
(495, 33, 312, 'Ogan Ilir', '2020-03-22 00:07:53', '2020-03-22 00:07:53'),
(496, 33, 313, 'Ogan Komering Ilir', '2020-03-22 00:07:53', '2020-03-22 00:07:53'),
(497, 33, 314, 'Ogan Komering Ulu', '2020-03-22 00:07:53', '2020-03-22 00:07:53'),
(498, 33, 315, 'Ogan Komering Ulu Selatan', '2020-03-22 00:07:53', '2020-03-22 00:07:53'),
(499, 33, 316, 'Ogan Komering Ulu Timur', '2020-03-22 00:07:53', '2020-03-22 00:07:53'),
(500, 33, 324, 'Pagar Alam', '2020-03-22 00:07:53', '2020-03-22 00:07:53'),
(501, 33, 327, 'Palembang', '2020-03-22 00:07:53', '2020-03-22 00:07:53'),
(502, 33, 367, 'Prabumulih', '2020-03-22 00:07:53', '2020-03-22 00:07:53'),
(503, 34, 15, 'Asahan', '2020-03-22 00:07:55', '2020-03-22 00:07:55'),
(504, 34, 52, 'Batu Bara', '2020-03-22 00:07:55', '2020-03-22 00:07:55'),
(505, 34, 70, 'Binjai', '2020-03-22 00:07:55', '2020-03-22 00:07:55'),
(506, 34, 110, 'Dairi', '2020-03-22 00:07:55', '2020-03-22 00:07:55'),
(507, 34, 112, 'Deli Serdang', '2020-03-22 00:07:55', '2020-03-22 00:07:55'),
(508, 34, 137, 'Gunungsitoli', '2020-03-22 00:07:55', '2020-03-22 00:07:55'),
(509, 34, 146, 'Humbang Hasundutan', '2020-03-22 00:07:55', '2020-03-22 00:07:55'),
(510, 34, 173, 'Karo', '2020-03-22 00:07:56', '2020-03-22 00:07:56'),
(511, 34, 217, 'Labuhan Batu', '2020-03-22 00:07:56', '2020-03-22 00:07:56'),
(512, 34, 218, 'Labuhan Batu Selatan', '2020-03-22 00:07:56', '2020-03-22 00:07:56'),
(513, 34, 219, 'Labuhan Batu Utara', '2020-03-22 00:07:56', '2020-03-22 00:07:56'),
(514, 34, 229, 'Langkat', '2020-03-22 00:07:56', '2020-03-22 00:07:56'),
(515, 34, 268, 'Mandailing Natal', '2020-03-22 00:07:56', '2020-03-22 00:07:56'),
(516, 34, 278, 'Medan', '2020-03-22 00:07:56', '2020-03-22 00:07:56'),
(517, 34, 307, 'Nias', '2020-03-22 00:07:56', '2020-03-22 00:07:56'),
(518, 34, 308, 'Nias Barat', '2020-03-22 00:07:56', '2020-03-22 00:07:56'),
(519, 34, 309, 'Nias Selatan', '2020-03-22 00:07:56', '2020-03-22 00:07:56'),
(520, 34, 310, 'Nias Utara', '2020-03-22 00:07:56', '2020-03-22 00:07:56'),
(521, 34, 319, 'Padang Lawas', '2020-03-22 00:07:56', '2020-03-22 00:07:56'),
(522, 34, 320, 'Padang Lawas Utara', '2020-03-22 00:07:56', '2020-03-22 00:07:56'),
(523, 34, 323, 'Padang Sidempuan', '2020-03-22 00:07:56', '2020-03-22 00:07:56'),
(524, 34, 325, 'Pakpak Bharat', '2020-03-22 00:07:56', '2020-03-22 00:07:56'),
(525, 34, 353, 'Pematang Siantar', '2020-03-22 00:07:56', '2020-03-22 00:07:56'),
(526, 34, 389, 'Samosir', '2020-03-22 00:07:56', '2020-03-22 00:07:56'),
(527, 34, 404, 'Serdang Bedagai', '2020-03-22 00:07:57', '2020-03-22 00:07:57'),
(528, 34, 407, 'Sibolga', '2020-03-22 00:07:57', '2020-03-22 00:07:57'),
(529, 34, 413, 'Simalungun', '2020-03-22 00:07:57', '2020-03-22 00:07:57'),
(530, 34, 459, 'Tanjung Balai', '2020-03-22 00:07:57', '2020-03-22 00:07:57'),
(531, 34, 463, 'Tapanuli Selatan', '2020-03-22 00:07:57', '2020-03-22 00:07:57'),
(532, 34, 464, 'Tapanuli Tengah', '2020-03-22 00:07:57', '2020-03-22 00:07:57'),
(533, 34, 465, 'Tapanuli Utara', '2020-03-22 00:07:57', '2020-03-22 00:07:57'),
(534, 34, 470, 'Tebing Tinggi', '2020-03-22 00:07:57', '2020-03-22 00:07:57'),
(535, 34, 481, 'Toba Samosir', '2020-03-22 00:07:57', '2020-03-22 00:07:57');

-- --------------------------------------------------------

--
-- Table structure for table `expeditions`
--

CREATE TABLE `expeditions` (
  `id` bigint(20) UNSIGNED NOT NULL,
  `code` varchar(50) COLLATE utf8mb4_unicode_ci NOT NULL,
  `name` varchar(255) COLLATE utf8mb4_unicode_ci NOT NULL,
  `created_at` timestamp NULL DEFAULT NULL,
  `updated_at` timestamp NULL DEFAULT NULL
) ENGINE=InnoDB DEFAULT CHARSET=utf8mb4 COLLATE=utf8mb4_unicode_ci;

--
-- Dumping data for table `expeditions`
--

INSERT INTO `expeditions` (`id`, `code`, `name`, `created_at`, `updated_at`) VALUES
(1, 'jne', 'JNE', '2021-10-10 07:17:23', '2021-10-10 07:17:23'),
(2, 'tiki', 'TIKI', '2021-10-10 07:18:12', '2021-10-10 07:18:12');

-- --------------------------------------------------------

--
-- Table structure for table `failed_jobs`
--

CREATE TABLE `failed_jobs` (
  `id` bigint(20) UNSIGNED NOT NULL,
  `connection` text COLLATE utf8mb4_unicode_ci NOT NULL,
  `queue` text COLLATE utf8mb4_unicode_ci NOT NULL,
  `payload` longtext COLLATE utf8mb4_unicode_ci NOT NULL,
  `exception` longtext COLLATE utf8mb4_unicode_ci NOT NULL,
  `failed_at` timestamp NOT NULL DEFAULT current_timestamp()
) ENGINE=InnoDB DEFAULT CHARSET=utf8mb4 COLLATE=utf8mb4_unicode_ci;

-- --------------------------------------------------------

--
-- Table structure for table `migrations`
--

CREATE TABLE `migrations` (
  `id` int(10) UNSIGNED NOT NULL,
  `migration` varchar(255) COLLATE utf8mb4_unicode_ci NOT NULL,
  `batch` int(11) NOT NULL
) ENGINE=InnoDB DEFAULT CHARSET=utf8mb4 COLLATE=utf8mb4_unicode_ci;

--
-- Dumping data for table `migrations`
--

INSERT INTO `migrations` (`id`, `migration`, `batch`) VALUES
(11, '2014_10_12_000000_create_users_table', 1),
(12, '2019_08_19_000000_create_failed_jobs_table', 1),
(13, '2021_09_27_071909_create_categories_table', 1),
(14, '2021_09_27_072524_create_sub_categories_table', 1),
(15, '2021_09_27_073333_create_category_subcategory_table', 1),
(17, '2021_09_29_074136_add_slug_to_categories_table', 2),
(18, '2021_09_29_074643_add_slug_to_sub_categories_table', 3),
(20, '2021_09_29_223757_create_carousels_table', 4),
(23, '2021_10_01_000726_create_products_table', 5),
(24, '2021_10_01_001325_create_brands_table', 5),
(29, '2021_10_02_034253_add_category_subcategory_id_to_products_table', 6),
(30, '2021_10_01_154758_add_category_subcategory_id_to_products_table', 7),
(31, '2021_10_02_103704_add_image_url_to_sub_categories_table', 7),
(32, '2021_10_03_030034_create_variants_table', 8),
(33, '2021_10_03_042853_create_variant_images_table', 8),
(34, '2021_10_09_002501_create_addresses_table', 9),
(35, '2021_10_09_071609_create_address_user_table', 10),
(36, '2021_10_10_070751_create_expeditions_table', 11),
(37, '2021_10_13_122425_create_provinces_table', 12),
(38, '2021_10_13_141052_create_cities_table', 13),
(39, '2021_10_16_091827_create_payment_method_table', 14),
(40, '2021_10_16_091827_create_payments_table', 15),
(41, '2021_10_17_015204_create_address_user_table', 0),
(42, '2021_10_17_015204_create_addresses_table', 0),
(43, '2021_10_17_015204_create_brands_table', 0),
(44, '2021_10_17_015204_create_carousels_table', 0),
(45, '2021_10_17_015204_create_categories_table', 0),
(46, '2021_10_17_015204_create_category_product_table', 0),
(47, '2021_10_17_015204_create_category_sub_category_table', 0),
(48, '2021_10_17_015204_create_districts_table', 0),
(49, '2021_10_17_015204_create_expeditions_table', 0),
(50, '2021_10_17_015204_create_failed_jobs_table', 0),
(51, '2021_10_17_015204_create_payments_table', 0),
(52, '2021_10_17_015204_create_products_table', 0),
(53, '2021_10_17_015204_create_provinces_table', 0),
(54, '2021_10_17_015204_create_sub_categories_table', 0),
(55, '2021_10_17_015204_create_users_table', 0),
(56, '2021_10_17_015204_create_variant_images_table', 0),
(57, '2021_10_17_015204_create_variants_table', 0),
(58, '2021_10_17_015205_add_foreign_keys_to_address_user_table', 0),
(59, '2021_10_17_015205_add_foreign_keys_to_addresses_table', 0),
(60, '2021_10_17_015205_add_foreign_keys_to_category_product_table', 0),
(61, '2021_10_17_015205_add_foreign_keys_to_category_sub_category_table', 0),
(62, '2021_10_17_015205_add_foreign_keys_to_products_table', 0),
(63, '2021_10_17_015205_add_foreign_keys_to_provinces_table', 0),
(64, '2021_10_17_084636_create_orders_table', 16),
(65, '2021_10_17_092142_create_order_details_table', 16);

-- --------------------------------------------------------

--
-- Table structure for table `orders`
--

CREATE TABLE `orders` (
  `id` bigint(20) UNSIGNED NOT NULL,
  `image_payment_url` varchar(255) COLLATE utf8mb4_unicode_ci DEFAULT NULL,
  `shipping_price` double(8,2) NOT NULL,
  `service` varchar(255) COLLATE utf8mb4_unicode_ci NOT NULL,
  `expedition_name` varchar(255) COLLATE utf8mb4_unicode_ci NOT NULL,
  `status` varchar(255) COLLATE utf8mb4_unicode_ci NOT NULL DEFAULT 'Pending',
  `address_id` bigint(20) UNSIGNED NOT NULL,
  `payment_id` bigint(20) UNSIGNED NOT NULL,
  `user_id` bigint(20) UNSIGNED NOT NULL,
  `created_at` timestamp NULL DEFAULT NULL,
  `updated_at` timestamp NULL DEFAULT NULL
) ENGINE=InnoDB DEFAULT CHARSET=utf8mb4 COLLATE=utf8mb4_unicode_ci;

--
-- Dumping data for table `orders`
--

INSERT INTO `orders` (`id`, `image_payment_url`, `shipping_price`, `service`, `expedition_name`, `status`, `address_id`, `payment_id`, `user_id`, `created_at`, `updated_at`) VALUES
(7, '/storage/payments/kttyd86bxBs473SrPakMVW0SaF2O4S6hiNP1D89y.png', 10000.00, 'OKE', 'jne', 'dikirim', 1, 1, 3, '2021-10-17 08:42:25', '2021-10-17 23:45:22'),
(8, NULL, 10000.00, 'OKE', 'jne', 'unpaid', 1, 1, 3, '2021-10-18 04:41:02', '2021-10-18 04:41:02'),
(9, NULL, 10000.00, 'OKE', 'jne', 'unpaid', 1, 1, 1, '2021-10-18 04:41:45', '2021-10-18 04:41:45'),
(10, NULL, 10000.00, 'OKE', 'jne', 'Pending', 1, 1, 3, '2021-10-23 10:08:18', '2021-10-23 10:08:18'),
(11, NULL, 10000.00, 'OKE', 'jne', 'Pending', 1, 1, 3, '2021-10-23 10:12:24', '2021-10-23 10:12:24'),
(12, NULL, 10000.00, 'OKE', 'jne', 'Pending', 1, 1, 3, '2021-10-23 10:13:58', '2021-10-23 10:13:58'),
(13, NULL, 10000.00, 'OKE', 'jne', 'Pending', 1, 1, 3, '2021-10-23 10:14:29', '2021-10-23 10:14:29'),
(14, NULL, 10000.00, 'OKE', 'jne', 'Pending', 1, 1, 3, '2021-10-23 10:15:06', '2021-10-23 10:15:06');

-- --------------------------------------------------------

--
-- Table structure for table `order_details`
--

CREATE TABLE `order_details` (
  `id` bigint(20) UNSIGNED NOT NULL,
  `quantity` int(11) NOT NULL,
  `order_id` bigint(20) UNSIGNED NOT NULL,
  `variant_id` bigint(20) UNSIGNED NOT NULL,
  `product_id` bigint(20) UNSIGNED DEFAULT NULL,
  `created_at` timestamp NULL DEFAULT NULL,
  `updated_at` timestamp NULL DEFAULT NULL
) ENGINE=InnoDB DEFAULT CHARSET=utf8mb4 COLLATE=utf8mb4_unicode_ci;

--
-- Dumping data for table `order_details`
--

INSERT INTO `order_details` (`id`, `quantity`, `order_id`, `variant_id`, `product_id`, `created_at`, `updated_at`) VALUES
(7, 1, 7, 1, 1, '2021-10-22 14:00:12', '2021-10-22 14:00:12'),
(8, 2, 7, 2, 5, '2021-10-22 14:00:12', '2021-10-22 14:00:12'),
(9, 2, 10, 1, NULL, '2021-10-23 10:08:18', '2021-10-23 10:08:18'),
(10, 2, 11, 1, NULL, '2021-10-23 10:12:24', '2021-10-23 10:12:24'),
(12, 2, 14, 1, 1, '2021-10-23 10:15:06', '2021-10-23 10:15:06');

-- --------------------------------------------------------

--
-- Table structure for table `payments`
--

CREATE TABLE `payments` (
  `id` bigint(20) UNSIGNED NOT NULL,
  `payment_name` varchar(255) COLLATE utf8mb4_unicode_ci NOT NULL,
  `no_rekening` int(11) NOT NULL,
  `account_name` varchar(255) COLLATE utf8mb4_unicode_ci NOT NULL,
  `created_at` timestamp NULL DEFAULT NULL,
  `updated_at` timestamp NULL DEFAULT NULL
) ENGINE=InnoDB DEFAULT CHARSET=utf8mb4 COLLATE=utf8mb4_unicode_ci;

--
-- Dumping data for table `payments`
--

INSERT INTO `payments` (`id`, `payment_name`, `no_rekening`, `account_name`, `created_at`, `updated_at`) VALUES
(1, 'Ovo', 89898, 'Laila', '2021-10-16 09:30:14', '2021-10-16 09:30:19'),
(2, 'Bank BCA', 19878787, 'Laila Makrufah', '2021-10-16 09:29:56', '2021-10-16 09:30:08');

-- --------------------------------------------------------

--
-- Table structure for table `products`
--

CREATE TABLE `products` (
  `id` bigint(20) UNSIGNED NOT NULL,
  `name` varchar(255) COLLATE utf8mb4_unicode_ci NOT NULL,
  `description` varchar(255) COLLATE utf8mb4_unicode_ci NOT NULL,
  `price` int(11) NOT NULL,
  `discount` int(11) DEFAULT NULL,
  `weight` int(11) NOT NULL,
  `slug` varchar(255) COLLATE utf8mb4_unicode_ci NOT NULL,
  `brand_id` int(11) NOT NULL,
  `mix_and_match_image` varchar(255) COLLATE utf8mb4_unicode_ci DEFAULT NULL,
  `sub_categories_id` bigint(20) UNSIGNED NOT NULL,
  `category_subcategory_id` bigint(20) UNSIGNED NOT NULL,
  `created_at` timestamp NULL DEFAULT NULL,
  `updated_at` timestamp NULL DEFAULT NULL
) ENGINE=InnoDB DEFAULT CHARSET=utf8mb4 COLLATE=utf8mb4_unicode_ci;

--
-- Dumping data for table `products`
--

INSERT INTO `products` (`id`, `name`, `description`, `price`, `discount`, `weight`, `slug`, `brand_id`, `mix_and_match_image`, `sub_categories_id`, `category_subcategory_id`, `created_at`, `updated_at`) VALUES
(1, 'Kaos T-Shirt', 'knitted cardigan with textured popcorn detail ribbed cuffs and hems for a snug fit button fastening', 50000, 0, 1000, 'kaos-tshirt', 1, '/storage/variants_image/1.png', 2, 1, '2021-10-01 00:24:13', '2021-10-01 00:24:13'),
(5, 'Kemeja', 'knitted cardigan with textured popcorn detail ribbed cuffs and hems for a snug fit button fastening', 50000, 0, 1000, 'kemeja-pria', 1, '/storage/variants_image/2.png', 3, 1, '2021-10-01 00:24:13', '2021-10-01 00:24:13'),
(6, 'Kemeja', 'Cewek', 50000, 0, 1000, 'kemeja-wanita', 1, '/storage/variants_image/3.png', 3, 1, '2021-10-01 00:24:13', '2021-10-01 00:24:13');

-- --------------------------------------------------------

--
-- Table structure for table `provinces`
--

CREATE TABLE `provinces` (
  `id` bigint(20) UNSIGNED NOT NULL,
  `province_id` int(11) NOT NULL,
  `title` varchar(255) COLLATE utf8mb4_unicode_ci NOT NULL,
  `created_at` timestamp NULL DEFAULT NULL,
  `updated_at` timestamp NULL DEFAULT NULL
) ENGINE=InnoDB DEFAULT CHARSET=utf8mb4 COLLATE=utf8mb4_unicode_ci;

--
-- Dumping data for table `provinces`
--

INSERT INTO `provinces` (`id`, `province_id`, `title`, `created_at`, `updated_at`) VALUES
(6, 1, 'Bali', '2020-03-22 00:06:12', '2020-03-22 00:06:12'),
(7, 2, 'Bangka Belitung', '2020-03-22 00:06:13', '2020-03-22 00:06:13'),
(8, 3, 'Banten', '2020-03-22 00:06:14', '2020-03-22 00:06:14'),
(9, 4, 'Bengkulu', '2020-03-22 00:06:15', '2020-03-22 00:06:15'),
(10, 5, 'DI Yogyakarta', '2020-03-22 00:06:17', '2020-03-22 00:06:17'),
(11, 6, 'DKI Jakarta', '2020-03-22 00:06:19', '2020-03-22 00:06:19'),
(12, 7, 'Gorontalo', '2020-03-22 00:06:23', '2020-03-22 00:06:23'),
(13, 8, 'Jambi', '2020-03-22 00:06:24', '2020-03-22 00:06:24'),
(14, 9, 'Jawa Barat', '2020-03-22 00:06:26', '2020-03-22 00:06:26'),
(15, 10, 'Jawa Tengah', '2020-03-22 00:06:29', '2020-03-22 00:06:29'),
(16, 11, 'Jawa Timur', '2020-03-22 00:06:33', '2020-03-22 00:06:33'),
(17, 12, 'Kalimantan Barat', '2020-03-22 00:06:37', '2020-03-22 00:06:37'),
(18, 13, 'Kalimantan Selatan', '2020-03-22 00:06:38', '2020-03-22 00:06:38'),
(19, 14, 'Kalimantan Tengah', '2020-03-22 00:06:40', '2020-03-22 00:06:40'),
(20, 15, 'Kalimantan Timur', '2020-03-22 00:06:42', '2020-03-22 00:06:42'),
(21, 16, 'Kalimantan Utara', '2020-03-22 00:06:44', '2020-03-22 00:06:44'),
(22, 17, 'Kepulauan Riau', '2020-03-22 00:06:45', '2020-03-22 00:06:45'),
(23, 18, 'Lampung', '2020-03-22 00:07:15', '2020-03-22 00:07:15'),
(24, 19, 'Maluku', '2020-03-22 00:07:17', '2020-03-22 00:07:17'),
(25, 20, 'Maluku Utara', '2020-03-22 00:07:19', '2020-03-22 00:07:19'),
(26, 21, 'Nanggroe Aceh Darussalam (NAD)', '2020-03-22 00:07:21', '2020-03-22 00:07:21'),
(27, 22, 'Nusa Tenggara Barat (NTB)', '2020-03-22 00:07:23', '2020-03-22 00:07:23'),
(28, 23, 'Nusa Tenggara Timur (NTT)', '2020-03-22 00:07:26', '2020-03-22 00:07:26'),
(29, 24, 'Papua', '2020-03-22 00:07:30', '2020-03-22 00:07:30'),
(30, 25, 'Papua Barat', '2020-03-22 00:07:33', '2020-03-22 00:07:33'),
(31, 26, 'Riau', '2020-03-22 00:07:34', '2020-03-22 00:07:34'),
(32, 27, 'Sulawesi Barat', '2020-03-22 00:07:37', '2020-03-22 00:07:37'),
(33, 28, 'Sulawesi Selatan', '2020-03-22 00:07:40', '2020-03-22 00:07:40'),
(34, 29, 'Sulawesi Tengah', '2020-03-22 00:07:43', '2020-03-22 00:07:43'),
(35, 30, 'Sulawesi Tenggara', '2020-03-22 00:07:45', '2020-03-22 00:07:45'),
(36, 31, 'Sulawesi Utara', '2020-03-22 00:07:46', '2020-03-22 00:07:46'),
(37, 32, 'Sumatera Barat', '2020-03-22 00:07:48', '2020-03-22 00:07:48'),
(38, 33, 'Sumatera Selatan', '2020-03-22 00:07:51', '2020-03-22 00:07:51'),
(39, 34, 'Sumatera Utara', '2020-03-22 00:07:53', '2020-03-22 00:07:53');

-- --------------------------------------------------------

--
-- Table structure for table `sub_categories`
--

CREATE TABLE `sub_categories` (
  `id` bigint(20) UNSIGNED NOT NULL,
  `name` varchar(255) COLLATE utf8mb4_unicode_ci NOT NULL,
  `slug` varchar(255) COLLATE utf8mb4_unicode_ci NOT NULL,
  `created_at` timestamp NULL DEFAULT NULL,
  `updated_at` timestamp NULL DEFAULT NULL
) ENGINE=InnoDB DEFAULT CHARSET=utf8mb4 COLLATE=utf8mb4_unicode_ci;

--
-- Dumping data for table `sub_categories`
--

INSERT INTO `sub_categories` (`id`, `name`, `slug`, `created_at`, `updated_at`) VALUES
(1, 'Sweater', 'sweater', '2021-09-28 05:44:23', '2021-09-28 05:44:23'),
(2, 'Kaos', 'kaos', '2021-09-28 05:44:39', '2021-09-28 05:44:39'),
(3, 'Kemeja', 'kemeja', '2021-09-28 05:44:39', '2021-09-28 05:44:39'),
(4, 'Jumpsuit', 'jumpsuit', '2021-09-28 05:45:10', '2021-09-28 05:45:10'),
(5, 'Jacket', 'jacket', '2021-09-28 05:45:10', '2021-09-28 05:45:10'),
(6, 'Hoodie', 'hoodie', '2021-09-28 05:45:37', '2021-09-28 05:45:37'),
(7, 'Kardigan', 'kardigan', '2021-09-28 05:45:37', '2021-09-28 05:45:37');

-- --------------------------------------------------------

--
-- Table structure for table `users`
--

CREATE TABLE `users` (
  `id` bigint(20) UNSIGNED NOT NULL,
  `name` varchar(255) COLLATE utf8mb4_unicode_ci NOT NULL,
  `email` varchar(255) COLLATE utf8mb4_unicode_ci NOT NULL,
  `email_verified_at` timestamp NULL DEFAULT NULL,
  `password` varchar(255) COLLATE utf8mb4_unicode_ci NOT NULL,
  `phone_number` varchar(255) COLLATE utf8mb4_unicode_ci NOT NULL,
  `gender` enum('L','P') COLLATE utf8mb4_unicode_ci NOT NULL,
  `image_profile` varchar(255) COLLATE utf8mb4_unicode_ci NOT NULL DEFAULT 'avatar.png',
  `photo_profile_url` varchar(255) COLLATE utf8mb4_unicode_ci DEFAULT NULL,
  `remember_token` varchar(100) COLLATE utf8mb4_unicode_ci DEFAULT NULL,
  `created_at` timestamp NULL DEFAULT NULL,
  `updated_at` timestamp NULL DEFAULT NULL
) ENGINE=InnoDB DEFAULT CHARSET=utf8mb4 COLLATE=utf8mb4_unicode_ci;

--
-- Dumping data for table `users`
--

INSERT INTO `users` (`id`, `name`, `email`, `email_verified_at`, `password`, `phone_number`, `gender`, `image_profile`, `photo_profile_url`, `remember_token`, `created_at`, `updated_at`) VALUES
(1, 'Feri Afrianto', 'feri@gmail.com', NULL, '$2y$10$hbtWtSPEsd6rmR5IqATjlu6l9Ct6oq4X3C/GIrPv49sNOVJ9KTz6a', '12345678912', 'L', 'avatar.png', NULL, NULL, '2021-09-27 22:39:31', '2021-09-27 22:39:31'),
(2, 'Ilham', 'ilham@gmail.com', NULL, '$2y$10$Owzj9eHFZ86LWKpoTrsvqe5zUIA04P4GaprUQkCmb/9O3c/tqELg2', '12345678912', 'L', 'avatar.png', NULL, NULL, '2021-09-29 03:03:15', '2021-09-29 03:03:15'),
(3, 'Feri Afrianto', 'feri7@gmail.com', NULL, '$2y$10$hyCjpIYmmnWWD.PM.9.AVOJg6AxyY4rmAWd7wUgcU5xJvLtXoMvOu', '12345678912', 'L', 'avatar.png', NULL, NULL, '2021-10-09 00:35:44', '2021-10-09 00:35:44');

-- --------------------------------------------------------

--
-- Table structure for table `variants`
--

CREATE TABLE `variants` (
  `id` bigint(20) UNSIGNED NOT NULL,
  `name` varchar(255) COLLATE utf8mb4_unicode_ci NOT NULL,
  `product_id` int(11) NOT NULL,
  `created_at` timestamp NULL DEFAULT NULL,
  `updated_at` timestamp NULL DEFAULT NULL
) ENGINE=InnoDB DEFAULT CHARSET=utf8mb4 COLLATE=utf8mb4_unicode_ci;

--
-- Dumping data for table `variants`
--

INSERT INTO `variants` (`id`, `name`, `product_id`, `created_at`, `updated_at`) VALUES
(1, 'All Size', 1, '2021-10-03 04:31:15', '2021-10-03 04:31:15'),
(2, 'All Size', 5, '2021-10-03 04:31:40', '2021-10-03 04:31:40'),
(3, 'All Size', 6, '2021-10-03 08:27:10', '2021-10-03 08:27:10');

-- --------------------------------------------------------

--
-- Table structure for table `variant_images`
--

CREATE TABLE `variant_images` (
  `id` bigint(20) UNSIGNED NOT NULL,
  `image_url` varchar(255) COLLATE utf8mb4_unicode_ci NOT NULL,
  `variant_id` int(11) NOT NULL,
  `created_at` timestamp NULL DEFAULT NULL,
  `updated_at` timestamp NULL DEFAULT NULL
) ENGINE=InnoDB DEFAULT CHARSET=utf8mb4 COLLATE=utf8mb4_unicode_ci;

--
-- Dumping data for table `variant_images`
--

INSERT INTO `variant_images` (`id`, `image_url`, `variant_id`, `created_at`, `updated_at`) VALUES
(1, '/storage/variants_image/1.png', 1, '2021-10-03 04:36:34', '2021-10-03 04:36:34'),
(2, '/storage/variants_image/2.png', 2, NULL, NULL),
(3, '/storage/variants_image/sweater-monokrom.jpg', 3, '2021-10-03 08:28:21', '2021-10-03 08:28:21'),
(4, '/storage/variants_image/Cardinal Sweeter.jpg', 4, NULL, NULL);

--
-- Indexes for dumped tables
--

--
-- Indexes for table `addresses`
--
ALTER TABLE `addresses`
  ADD PRIMARY KEY (`id`),
  ADD KEY `province_id` (`province_id`),
  ADD KEY `district_id` (`district_id`);

--
-- Indexes for table `address_user`
--
ALTER TABLE `address_user`
  ADD PRIMARY KEY (`id`),
  ADD KEY `address_id` (`address_id`),
  ADD KEY `user_id` (`user_id`);

--
-- Indexes for table `brands`
--
ALTER TABLE `brands`
  ADD PRIMARY KEY (`id`);

--
-- Indexes for table `carousels`
--
ALTER TABLE `carousels`
  ADD PRIMARY KEY (`id`);

--
-- Indexes for table `categories`
--
ALTER TABLE `categories`
  ADD PRIMARY KEY (`id`);

--
-- Indexes for table `category_product`
--
ALTER TABLE `category_product`
  ADD KEY `product_id` (`product_id`),
  ADD KEY `categories_id` (`category_id`);

--
-- Indexes for table `category_sub_category`
--
ALTER TABLE `category_sub_category`
  ADD PRIMARY KEY (`id`),
  ADD KEY `category_id` (`category_id`),
  ADD KEY `subcategory_id` (`sub_category_id`);

--
-- Indexes for table `districts`
--
ALTER TABLE `districts`
  ADD PRIMARY KEY (`id`),
  ADD UNIQUE KEY `city_id` (`district_id`),
  ADD KEY `province_id` (`province_id`);

--
-- Indexes for table `expeditions`
--
ALTER TABLE `expeditions`
  ADD PRIMARY KEY (`id`);

--
-- Indexes for table `failed_jobs`
--
ALTER TABLE `failed_jobs`
  ADD PRIMARY KEY (`id`);

--
-- Indexes for table `migrations`
--
ALTER TABLE `migrations`
  ADD PRIMARY KEY (`id`);

--
-- Indexes for table `orders`
--
ALTER TABLE `orders`
  ADD PRIMARY KEY (`id`),
  ADD KEY `address_id` (`address_id`),
  ADD KEY `payment_id` (`payment_id`),
  ADD KEY `user_id` (`user_id`);

--
-- Indexes for table `order_details`
--
ALTER TABLE `order_details`
  ADD PRIMARY KEY (`id`),
  ADD KEY `order_id` (`order_id`),
  ADD KEY `product_id` (`variant_id`),
  ADD KEY `product_id_2` (`product_id`);

--
-- Indexes for table `payments`
--
ALTER TABLE `payments`
  ADD PRIMARY KEY (`id`);

--
-- Indexes for table `products`
--
ALTER TABLE `products`
  ADD PRIMARY KEY (`id`),
  ADD KEY `sub_categories_id` (`sub_categories_id`);

--
-- Indexes for table `provinces`
--
ALTER TABLE `provinces`
  ADD PRIMARY KEY (`id`),
  ADD UNIQUE KEY `province_id` (`province_id`);

--
-- Indexes for table `sub_categories`
--
ALTER TABLE `sub_categories`
  ADD PRIMARY KEY (`id`);

--
-- Indexes for table `users`
--
ALTER TABLE `users`
  ADD PRIMARY KEY (`id`),
  ADD UNIQUE KEY `users_email_unique` (`email`);

--
-- Indexes for table `variants`
--
ALTER TABLE `variants`
  ADD PRIMARY KEY (`id`);

--
-- Indexes for table `variant_images`
--
ALTER TABLE `variant_images`
  ADD PRIMARY KEY (`id`);

--
-- AUTO_INCREMENT for dumped tables
--

--
-- AUTO_INCREMENT for table `addresses`
--
ALTER TABLE `addresses`
  MODIFY `id` bigint(20) UNSIGNED NOT NULL AUTO_INCREMENT, AUTO_INCREMENT=17;

--
-- AUTO_INCREMENT for table `address_user`
--
ALTER TABLE `address_user`
  MODIFY `id` bigint(20) UNSIGNED NOT NULL AUTO_INCREMENT, AUTO_INCREMENT=14;

--
-- AUTO_INCREMENT for table `brands`
--
ALTER TABLE `brands`
  MODIFY `id` bigint(20) UNSIGNED NOT NULL AUTO_INCREMENT, AUTO_INCREMENT=3;

--
-- AUTO_INCREMENT for table `carousels`
--
ALTER TABLE `carousels`
  MODIFY `id` bigint(20) UNSIGNED NOT NULL AUTO_INCREMENT, AUTO_INCREMENT=23;

--
-- AUTO_INCREMENT for table `categories`
--
ALTER TABLE `categories`
  MODIFY `id` bigint(20) UNSIGNED NOT NULL AUTO_INCREMENT, AUTO_INCREMENT=9;

--
-- AUTO_INCREMENT for table `category_sub_category`
--
ALTER TABLE `category_sub_category`
  MODIFY `id` bigint(20) UNSIGNED NOT NULL AUTO_INCREMENT, AUTO_INCREMENT=15;

--
-- AUTO_INCREMENT for table `districts`
--
ALTER TABLE `districts`
  MODIFY `id` bigint(20) UNSIGNED NOT NULL AUTO_INCREMENT, AUTO_INCREMENT=536;

--
-- AUTO_INCREMENT for table `expeditions`
--
ALTER TABLE `expeditions`
  MODIFY `id` bigint(20) UNSIGNED NOT NULL AUTO_INCREMENT, AUTO_INCREMENT=4;

--
-- AUTO_INCREMENT for table `failed_jobs`
--
ALTER TABLE `failed_jobs`
  MODIFY `id` bigint(20) UNSIGNED NOT NULL AUTO_INCREMENT;

--
-- AUTO_INCREMENT for table `migrations`
--
ALTER TABLE `migrations`
  MODIFY `id` int(10) UNSIGNED NOT NULL AUTO_INCREMENT, AUTO_INCREMENT=66;

--
-- AUTO_INCREMENT for table `orders`
--
ALTER TABLE `orders`
  MODIFY `id` bigint(20) UNSIGNED NOT NULL AUTO_INCREMENT, AUTO_INCREMENT=15;

--
-- AUTO_INCREMENT for table `order_details`
--
ALTER TABLE `order_details`
  MODIFY `id` bigint(20) UNSIGNED NOT NULL AUTO_INCREMENT, AUTO_INCREMENT=13;

--
-- AUTO_INCREMENT for table `payments`
--
ALTER TABLE `payments`
  MODIFY `id` bigint(20) UNSIGNED NOT NULL AUTO_INCREMENT, AUTO_INCREMENT=3;

--
-- AUTO_INCREMENT for table `products`
--
ALTER TABLE `products`
  MODIFY `id` bigint(20) UNSIGNED NOT NULL AUTO_INCREMENT, AUTO_INCREMENT=7;

--
-- AUTO_INCREMENT for table `provinces`
--
ALTER TABLE `provinces`
  MODIFY `id` bigint(20) UNSIGNED NOT NULL AUTO_INCREMENT, AUTO_INCREMENT=40;

--
-- AUTO_INCREMENT for table `sub_categories`
--
ALTER TABLE `sub_categories`
  MODIFY `id` bigint(20) UNSIGNED NOT NULL AUTO_INCREMENT, AUTO_INCREMENT=9;

--
-- AUTO_INCREMENT for table `users`
--
ALTER TABLE `users`
  MODIFY `id` bigint(20) UNSIGNED NOT NULL AUTO_INCREMENT, AUTO_INCREMENT=4;

--
-- AUTO_INCREMENT for table `variants`
--
ALTER TABLE `variants`
  MODIFY `id` bigint(20) UNSIGNED NOT NULL AUTO_INCREMENT, AUTO_INCREMENT=5;

--
-- AUTO_INCREMENT for table `variant_images`
--
ALTER TABLE `variant_images`
  MODIFY `id` bigint(20) UNSIGNED NOT NULL AUTO_INCREMENT, AUTO_INCREMENT=5;

--
-- Constraints for dumped tables
--

--
-- Constraints for table `addresses`
--
ALTER TABLE `addresses`
  ADD CONSTRAINT `addresses_ibfk_1` FOREIGN KEY (`district_id`) REFERENCES `districts` (`district_id`) ON DELETE NO ACTION ON UPDATE NO ACTION;

--
-- Constraints for table `address_user`
--
ALTER TABLE `address_user`
  ADD CONSTRAINT `address_user_ibfk_1` FOREIGN KEY (`address_id`) REFERENCES `addresses` (`id`),
  ADD CONSTRAINT `address_user_ibfk_2` FOREIGN KEY (`user_id`) REFERENCES `users` (`id`);

--
-- Constraints for table `category_product`
--
ALTER TABLE `category_product`
  ADD CONSTRAINT `category_product_ibfk_1` FOREIGN KEY (`category_id`) REFERENCES `categories` (`id`),
  ADD CONSTRAINT `category_product_ibfk_2` FOREIGN KEY (`product_id`) REFERENCES `products` (`id`);

--
-- Constraints for table `category_sub_category`
--
ALTER TABLE `category_sub_category`
  ADD CONSTRAINT `category_sub_category_ibfk_1` FOREIGN KEY (`sub_category_id`) REFERENCES `sub_categories` (`id`) ON UPDATE CASCADE,
  ADD CONSTRAINT `category_sub_category_ibfk_2` FOREIGN KEY (`category_id`) REFERENCES `categories` (`id`) ON UPDATE CASCADE;

--
-- Constraints for table `orders`
--
ALTER TABLE `orders`
  ADD CONSTRAINT `orders_ibfk_1` FOREIGN KEY (`address_id`) REFERENCES `addresses` (`id`) ON DELETE NO ACTION ON UPDATE NO ACTION,
  ADD CONSTRAINT `orders_ibfk_2` FOREIGN KEY (`user_id`) REFERENCES `users` (`id`) ON DELETE NO ACTION ON UPDATE NO ACTION,
  ADD CONSTRAINT `orders_ibfk_3` FOREIGN KEY (`payment_id`) REFERENCES `payments` (`id`) ON DELETE NO ACTION ON UPDATE NO ACTION;

--
-- Constraints for table `order_details`
--
ALTER TABLE `order_details`
  ADD CONSTRAINT `order_details_ibfk_1` FOREIGN KEY (`order_id`) REFERENCES `orders` (`id`) ON DELETE NO ACTION ON UPDATE NO ACTION,
  ADD CONSTRAINT `order_details_ibfk_2` FOREIGN KEY (`variant_id`) REFERENCES `variants` (`id`) ON DELETE NO ACTION ON UPDATE NO ACTION,
  ADD CONSTRAINT `order_details_ibfk_3` FOREIGN KEY (`product_id`) REFERENCES `products` (`id`) ON DELETE CASCADE;

--
-- Constraints for table `products`
--
ALTER TABLE `products`
  ADD CONSTRAINT `products_ibfk_1` FOREIGN KEY (`sub_categories_id`) REFERENCES `sub_categories` (`id`) ON UPDATE CASCADE;

--
-- Constraints for table `provinces`
--
ALTER TABLE `provinces`
  ADD CONSTRAINT `provinces_ibfk_1` FOREIGN KEY (`province_id`) REFERENCES `districts` (`province_id`) ON UPDATE CASCADE;
COMMIT;

/*!40101 SET CHARACTER_SET_CLIENT=@OLD_CHARACTER_SET_CLIENT */;
/*!40101 SET CHARACTER_SET_RESULTS=@OLD_CHARACTER_SET_RESULTS */;
/*!40101 SET COLLATION_CONNECTION=@OLD_COLLATION_CONNECTION */;
